Fecha,Usuario,DescripciÃ³n,Vistas,Hashtags,Origen,Ciudad,Latitud,Longitud,Forecast,Temperatura Promedio (Â°C),Temperatura Maxima (Â°C),Temperatura Minima (Â°C),PrecipitaciÃ³n (mm),Nieve (cm),Humedad(%),Visibilidad (km),Velocidad Viento(m/s),Amanecer (s),Atardecer (s),Forecast Time
2024-02-29,aby.avg,Apreciando ando âœ¨ğŸ¤#patagoniaargentina #villalaangostura #bahiamansa,861,#patagoniaargentina #villalaangostura #bahiamansa,bahia_mansa,"Villa La Angostura, AR",-40.78,-71.66,Overcast,13.6,23.1,6.2,0.0,0.0,54,10.0,15.8,07:28 AM,08:29 PM,2024-04-22 19:01
2023-12-16,thiagof.okk,"Bahia manza, villa la angostura ğŸ¤ #villalaangostura #viral #parati #pyf",1277,#villalaangostura #viral #parati #pyf       ,bahia_mansa,"Villa La Angostura, AR",-40.78,-71.66,Patchy light drizzle,8.1,15.7,2.8,1.01,0.0,72,9.8,28.1,06:09 AM,09:15 PM,2024-04-22 19:04
2024-01-05,karladf6,BahÃ­a Mansa Villa Angostura ğŸ“ Argentina ğŸ«¶âœ¨ #bahiamansavillalaangostura,902,#bahiamansavillalaangostura,bahia_mansa,"Villa La Angostura, AR",-40.78,-71.66,Patchy rain possible,14.5,20.3,10.2,0.18,0.0,65,10.0,37.1,06:22 AM,09:22 PM,2024-04-22 19:03
2024-02-01,meluruizzm,#villalaangostura #bahiabravağŸ‡¦ğŸ‡· #bahiamansa #patagoniaargentina #argentinatiktok,1380,#villalaangostura #bahiabravağŸ‡¦ğŸ‡· #bahiamansa #patagoniaargentina #argentinatiktok   ,bahia_mansa,"Villa La Angostura, AR",-40.78,-71.66,Partly cloudy,16.1,23.9,10.2,0.0,0.0,67,10.0,19.1,06:53 AM,09:06 PM,2024-04-22 19:02
2024-03-16,mapiatersol,#sur #argentina #villalaangostura #paisajes #bahiamansa,726,#sur #argentina #villalaangostura #paisajes #bahiamansa,bahia_mansa,"Villa La Angostura, AR",-40.78,-71.66,Patchy rain possible,8.4,11.8,4.6,0.52,0.0,70,10.0,26.3,07:46 AM,08:04 PM,2024-04-22 19:03
2024-03-16,mapiatersol,"Mirador Bahia Manda, una vista soÃ±ada. Solo treina munitos de treeking. #villalaangostura",338,#villalaangostura    ,bahia_mansa,"Villa La Angostura, AR",-40.78,-71.66,Patchy rain possible,8.4,11.8,4.6,0.52,0.0,70,10.0,26.3,07:46 AM,08:04 PM,2024-04-22 19:03
2024-02-03,valllbaezz,#villalaangostura #bahiamansa #neuquen #sur #surargentino #paisaje,904,#villalaangostura #bahiamansa #neuquen #sur #surargentino #paisaje,bahia_mansa,"Villa La Angostura, AR",-40.78,-71.66,Partly cloudy,13.6,22.1,4.8,0.0,0.0,54,10.0,19.8,06:56 AM,09:04 PM,2024-04-22 19:02
2023-10-03,lorena_bea,Maravilloso todo. ğŸ¤© #bahiamansavillalaangostura,897,#bahiamansavillalaangostura ,bahia_mansa,"Villa La Angostura, AR",-40.78,-71.66,Patchy rain possible,4.6,10.9,-0.5,0.06,0.0,69,10.0,16.9,07:18 AM,07:55 PM,2024-04-22 19:08
2024-02-20,estefyale.30,Hermosa tarde en el lago! #neuquen #argentina #paraiso #villalaangostura #sur,620,#neuquen #argentina #paraiso #villalaangostura #sur      ,bahia_mansa,"Villa La Angostura, AR",-40.78,-71.66,Overcast,16.3,23.3,11.4,0.0,0.0,56,10.0,24.8,07:17 AM,08:43 PM,2024-04-22 19:02
2024-03-22,estefyale.30,simplemente hermosoğŸ˜ #lago #bahiamansa #villalaangostura #paraiso #sur #argentina,614,#lago #bahiamansa #villalaangostura #paraiso #sur #argentina      ,bahia_mansa,"Villa La Angostura, AR",-40.78,-71.66,Moderate rain,8.5,10.3,5.8,18.2,0.0,78,8.8,13.7,07:52 AM,07:54 PM,2024-04-22 19:01
2024-02-09,eduardo.churata,Hermoso lugar â¤ï¸ #villalaangostura #bahiamansa #neuquen #bariloche #hermoso,1710,#villalaangostura #bahiamansa #neuquen #bariloche #hermoso  ,bahia_mansa,"Villa La Angostura, AR",-40.78,-71.66,Patchy light rain with thunder,14.7,22.7,9.9,14.81,0.0,66,9.5,21.6,07:04 AM,08:57 PM,2024-04-22 19:04
2023-08-26,romisolllll,Patagonia Argentina Villa la Angostura - BahÃ­a Manzano #villalaangostura #bahiamanzano,1624,#villalaangostura #bahiamanzano  ,bahia_mansa,"Villa La Angostura, AR",-40.78,-71.66,Sunny,-0.3,5.6,-5.0,0.0,0.0,74,10.0,11.9,08:20 AM,07:17 PM,2024-04-22 19:08
2024-02-02,vanecatrin,#Bahia_Mansa #VillaLaAngostura #summer #â˜ï¸â™¥ï¸ #ğŸ’†,629,#Bahia_Mansa #VillaLaAngostura #summer #â˜ï¸â™¥ï¸ #ğŸ’†,bahia_mansa,"Villa La Angostura, AR",-40.78,-71.66,Patchy rain possible,15.4,20.6,11.6,0.45,0.0,70,10.0,32.8,06:55 AM,09:05 PM,2024-04-22 19:04
2024-01-23,turismovla,Navegamos un ratito por BahÃ­a Manzano? #villalaangosturağŸ‡¦ğŸ‡· #patagonia #veranoenvla,1268,#villalaangosturağŸ‡¦ğŸ‡· #patagonia #veranoenvla ,bahia_mansa,"Villa La Angostura, AR",-40.78,-71.66,Sunny,19.3,26.8,12.8,0.0,0.0,49,10.0,22.0,06:42 AM,09:14 PM,2024-04-22 19:05
2024-03-26,ignaciofitero,Veranito en el sur con @Sofiii ğŸ’˜ğŸŒºğŸ•ï¸â›°ï¸ #Sur #villalaangostura #cumbre #bahiamansa,1015,@Sofiii #Sur #villalaangostura #cumbre #bahiamansa         ,bahia_mansa,"Villa La Angostura, AR",-40.78,-71.66,Patchy rain possible,13.4,17.9,10.7,0.83,0.0,80,10.0,14.4,07:56 AM,07:47 PM,2024-04-22 19:00
2024-04-06,cami.ntvg,#villalaangosturağŸ‡¦ğŸ‡· #bahiabravağŸ‡¦ğŸ‡· #bosquearrayanes #Argentina,658,#villalaangosturağŸ‡¦ğŸ‡· #bahiabravağŸ‡¦ğŸ‡· #bosquearrayanes #Argentina  ,bahia_mansa,"Villa La Angostura, AR",-40.78,-71.66,Light drizzle,7.4,9.0,5.6,1.11,0.0,89,9.0,22.3,08:08 AM,07:30 PM,2024-04-22 19:02
2024-03-16,somelo22,â›°ï¸ğŸ’– #argentina #villalaangostura #marzo2024 #fyp,1479,#argentina #villalaangostura #marzo2024 #fyp,bahia_mansa,"Villa La Angostura, AR",-40.78,-71.66,Patchy rain possible,8.4,11.8,4.6,0.52,0.0,70,10.0,26.3,07:46 AM,08:04 PM,2024-04-22 19:03
2023-09-29,antoestupinan,Momentos de desconexiÃ³n ğŸ¤ #argentina #villalaangostura #patagonia #sur #lugares,68700,#argentina #villalaangostura #patagonia #sur #lugares             ,bahia_mansa,"Villa La Angostura, AR",-40.78,-71.66,Sunny,4.6,11.4,-0.8,0.0,0.0,68,10.0,7.2,07:25 AM,07:50 PM,2024-04-22 19:07
2023-12-07,gomezcelestel,Patagonia Argentina ğŸ‡¦ğŸ‡·â™¥ï¸ #villatraful #bosquesumergidoğŸğŸ” #villalaangostura,2245,#villatraful #bosquesumergidoğŸğŸ” #villalaangostura  ,bahia_mansa,"Villa La Angostura, AR",-40.78,-71.66,Partly cloudy,12.8,20.4,6.1,0.0,0.0,59,10.0,13.3,06:08 AM,09:08 PM,2024-04-22 19:06
2024-03-31,mikacarrascooo,ğŸ“ Villa la Angostura ğŸï¸ Muelle BahÃ­a Brava #villalaangostura #neuquenargentinağŸ‡¦ğŸ‡·,680,#villalaangostura #neuquenargentinağŸ‡¦ğŸ‡·    ,bahia_mansa,"Villa La Angostura, AR",-40.78,-71.66,Sunny,6.1,13.2,0.6,0.0,0.0,64,10.0,14.4,08:02 AM,07:39 PM,2024-04-22 19:00
2023-08-24,natiturista,#bahiabrava #villalaangostura #neuquen #argentina #surargentino #ahoratu,5495,#bahiabrava #villalaangostura #neuquen #argentina #surargentino #ahoratu,bahia_mansa,"Villa La Angostura, AR",-40.78,-71.66,Cloudy,-1.1,2.6,-3.9,0.0,0.0,83,10.0,14.4,08:23 AM,07:15 PM,2024-04-22 19:08
2023-11-10,priscilanahuelan,#villalaangostura #surargentinoğŸ‡¦ğŸ‡·ğŸ‡¦ğŸ‡·ğŸ‡¦ğŸ‡·ğŸ‡¦ğŸ‡·ğŸ‡¦ğŸ‡·ğŸ‡¦ğŸ‡· #bahiamansa #riocorrentoso,23000,#villalaangostura #surargentinoğŸ‡¦ğŸ‡·ğŸ‡¦ğŸ‡·ğŸ‡¦ğŸ‡·ğŸ‡¦ğŸ‡·ğŸ‡¦ğŸ‡·ğŸ‡¦ğŸ‡· #bahiamansa #riocorrentoso,bahia_mansa,"Villa La Angostura, AR",-40.78,-71.66,Sunny,8.4,13.9,3.7,0.05,0.0,61,10.0,29.5,06:24 AM,08:37 PM,2024-04-22 19:05
2023-12-27,vanuwidmer,El sur ğŸ˜ #vacaciones #bahiabrava #villalaangostura #sur #argentina #ğŸ‡¦ğŸ‡·,689,#vacaciones #bahiabrava #villalaangostura #sur #argentina #ğŸ‡¦ğŸ‡·,bahia_mansa,"Villa La Angostura, AR",-40.78,-71.66,Sunny,17.7,24.8,11.6,0.0,0.0,55,10.0,20.9,06:15 AM,09:20 PM,2024-04-22 19:04
2024-03-22,chuansigol,Dura la patagonia â€¦ #patagonia #bariloche #villalaangostura #neuquen #lago #viaje #sur,2314,#patagonia #bariloche #villalaangostura #neuquen #lago #viaje #sur    ,bahia_mansa,"Villa La Angostura, AR",-40.78,-71.66,Moderate rain,8.5,10.3,5.8,18.2,0.0,78,8.8,13.7,07:52 AM,07:54 PM,2024-04-22 19:01
2024-02-20,charrochina,#bahiamansa #vla #villalaangostura #puertomanzano,502,#bahiamansa #vla #villalaangostura #puertomanzano,bahia_mansa,"Villa La Angostura, AR",-40.78,-71.66,Overcast,16.3,23.3,11.4,0.0,0.0,56,10.0,24.8,07:17 AM,08:43 PM,2024-04-22 19:02
2023-07-10,elbuenoconocido,DÃ³nde quedarse en Villa La Angostura? ğŸ˜ğŸŒ„ğŸ—»ğŸ’“ #villalaangostura #vla,7322,#villalaangostura #vla                ,bahia_mansa,"Villa La Angostura, AR",-40.78,-71.66,Partly cloudy,-2.3,0.5,-4.7,0.0,0.0,85,10.0,8.6,09:10 AM,06:35 PM,2024-04-22 19:09
2023-08-12,ignaciofitero,"La magia del Sur , La Villa y buena compaÃ±iağŸ”ï¸ğŸ«¶ğŸ½ğŸ¥º #Sur #villalaangostura #snowboarding",1226,#Sur #villalaangostura #snowboarding     ,bahia_mansa,"Villa La Angostura, AR",-40.78,-71.66,Moderate rain at times,-0.1,5.4,-4.3,6.5,1.53,72,10.0,12.8,08:40 AM,07:04 PM,2024-04-22 19:10
2023-12-25,osunabelenyanina,#miamor #escapada #villalaangostura #bahiamansa #lagocorrentoso,3140,#miamor #escapada #villalaangostura #bahiamansa #lagocorrentoso  ,bahia_mansa,"Villa La Angostura, AR",-40.78,-71.66,Sunny,15.6,23.4,7.2,0.0,0.0,54,10.0,7.6,06:13 AM,09:20 PM,2024-04-22 19:04
2024-01-18,natunat2025,#argentina #paraiso #patagoniaargentina #villalaangostura #diosproveera,820,#argentina #paraiso #patagoniaargentina #villalaangostura #diosproveera ,bahia_brava,"Villa La Angostura, AR",-40.78,-71.66,Sunny,11.9,19.0,5.1,0.3,0.0,56,10.0,23.4,06:36 AM,09:17 PM,2024-04-22 19:03
2023-12-07,thiagof.okk,#bahiabrava #villalaangostura #pyf #viral #vacaciones #parati #viral,1490,#bahiabrava #villalaangostura #pyf #viral #vacaciones #parati #viral,bahia_brava,"Villa La Angostura, AR",-40.78,-71.66,Partly cloudy,12.8,20.4,6.1,0.0,0.0,59,10.0,13.3,06:08 AM,09:08 PM,2024-04-22 19:06
2023-06-24,beleen.ro,Que hermoso es mi paÃ­sğŸ‡¦ğŸ‡· #viaje #argentina #patagoniaargentina #villalaangostura,1798,#viaje #argentina #patagoniaargentina #villalaangostura  ,bahia_brava,"Villa La Angostura, AR",-40.78,-71.66,Moderate or heavy rain shower,2.2,3.3,1.0,15.4,0.0,97,6.2,13.0,09:12 AM,06:26 PM,2024-04-22 19:10
2023-08-28,arielapesci,el sur srgentino ğŸ‡¦ğŸ‡·ğŸ«¶ğŸ»ğŸ¥¹ğŸ§‰ #bahiabrava #villalaangostura #traveltiktok,949,#bahiabrava #villalaangostura #traveltiktok    ,bahia_brava,"Villa La Angostura, AR",-40.78,-71.66,Light snow showers,2.3,3.7,-1.7,17.1,6.38,87,8.1,22.7,08:17 AM,07:19 PM,2024-04-22 19:08
2023-08-27,micaelacamino15,#parati #viral #rutina #fypã‚· #viraltiktok #neuquen #bahiabravağŸ‡¦ğŸ‡· #villalaangostura,3411,#parati #viral #rutina #fypã‚· #viraltiktok #neuquen #bahiabravağŸ‡¦ğŸ‡· #villalaangostura,bahia_brava,"Villa La Angostura, AR",-40.78,-71.66,Light drizzle,2.3,6.6,-1.0,0.7,0.0,78,8.8,17.6,08:19 AM,07:18 PM,2024-04-22 19:08
2023-11-19,nicot85,#bahiabrava #villalaangostura #VLA Esas aguas por Dios!!! â¤ï¸,735,#bahiabrava #villalaangostura #VLA,bahia_brava,"Villa La Angostura, AR",-40.78,-71.66,Light rain,4.1,5.5,2.0,12.73,0.0,97,7.0,21.6,06:16 AM,08:48 PM,2024-04-22 19:07
2024-04-10,jbelmendoza,#villalaangostura #sibo #nutri #Sur #bariloche #bahiabrava #puerto #villa,600,#villalaangostura #sibo #nutri #Sur #bariloche #bahiabrava #puerto #villa,bahia_brava,"Villa La Angostura, AR",-40.78,-71.66,Sunny,5.1,9.7,1.9,0.0,0.0,49,10.0,21.2,08:12 AM,07:23 PM,2024-04-22 19:02
2024-04-02,ayrlonnegabi,Bora conhecer os principais pontos turÃ­sticos e mirantes em Villa la Angostura? ğŸ“Œ Letreiro da Cidade ğŸ“Œ Mirador Brazo Norte ğŸ“Œ Mirador del Puerto ğŸ“Œ Bahia Brava ğŸ“Œ Rio Correntoso ğŸ“Œ Pampitas Empanadas #villalaangostura #pontosturÃ­sticos #mirante #roadtrip,165,,bahia_brava,"Villa La Angostura, AR",-40.78,-71.66,Moderate or heavy sleet,5.0,7.3,2.4,44.04,0.0,85,8.0,30.2,08:04 AM,07:36 PM,2024-04-22 19:00
2024-02-25,marti_casas,SoÃ±adoğŸ¤¯ğŸ¤© #villalaangostura #puertovilla #bahiabravağŸ‡¦ğŸ‡· #travel,867,#villalaangostura #puertovilla #bahiabravağŸ‡¦ğŸ‡· #travel,bahia_brava,"Villa La Angostura, AR",-40.78,-71.66,Partly cloudy,13.4,20.6,8.6,0.0,0.0,49,10.0,17.6,07:23 AM,08:35 PM,2024-04-22 19:01
2024-03-07,danuxok,MATESULI EN LA MANSA ğŸ’™ #bahiamansa #laangostura #montaÃ±a #ruta40 #paradise,331,#bahiamansa #laangostura #montaÃ±a #ruta40 #paradise           ,bahia_mansa,"Villa La Angostura, AR",-40.78,-71.66,Sunny,10.9,19.3,5.3,0.0,0.0,48,10.0,26.3,07:36 AM,08:18 PM,2024-04-22 19:01
2024-01-24,viajandojuntosamerica,Mirador BahÃ­a Mansa. Uno de los lugares imperdibles al visitar Villa la Angostura es su mirador natural. Hicimos un corto trekking y llegamos a una de las mejores vistas de la patagonia Argentina.,1029,    ,bahia_mansa,"Villa La Angostura, AR",-40.78,-71.66,Sunny,16.8,25.7,9.0,0.0,0.0,45,10.0,23.4,06:43 AM,09:13 PM,2024-04-22 19:05
2023-09-26,respiraargentina,"Â¿Conoces este lugar maravilloso? ğŸ“Camino al Mirador BahÃ­a Mansa ,Villa La Angostura . ğŸ¥viviendoenpatagonia",2765,     ,bahia_mansa,"Villa La Angostura, AR",-40.78,-71.66,Light snow,1.0,3.9,-2.4,0.16,0.02,79,10.0,20.9,07:30 AM,07:47 PM,2024-04-22 19:09
2024-01-20,nolgutleber,"De los lugares mÃ¡s lindos. Villa La Angostura, BahÃ­a Brava. #belleza #viajeconmates",397,#belleza #viajeconmates        ,bahia_mansa,"Villa La Angostura, AR",-40.78,-71.66,Sunny,17.0,26.3,10.1,0.0,0.0,50,10.0,15.8,06:38 AM,09:16 PM,2024-04-22 19:03
2024-01-22,turismovla,La hermosa BahÃ­a Brava!,6086,,bahia_mansa,"Villa La Angostura, AR",-40.78,-71.66,Sunny,20.0,28.5,13.0,0.47,0.0,41,10.0,17.6,06:41 AM,09:15 PM,2024-04-22 19:03
2024-02-08,cristinarodriguez706,"Villa la Angostura, bahÃ­a brava #argentina #patagonia #cordilleraargentina",639,#argentina #patagonia #cordilleraargentina,bahia_brava,"Villa La Angostura, AR",-40.78,-71.66,Partly cloudy,14.1,21.8,8.5,0.1,0.0,46,10.0,10.8,07:02 AM,08:59 PM,2024-04-22 19:02
2023-07-15,melanygimenez97,"De los lugares mÃ¡s hermosos y tranquilos que vi. ğŸ¥° ğŸ“En el video se ve un poquito de la ciudad, BahÃ­a Brava y BahÃ­a Manza.",781,      ,bahia_brava,"Villa La Angostura, AR",-40.78,-71.66,Light freezing rain,-0.5,2.4,-2.6,2.9,0.43,81,10.0,15.1,09:07 AM,06:38 PM,2024-04-22 19:09
2023-10-15,moveontraveling1,"Cuando pensas en Villa La Angostura... ğŸ‘‰ğŸ¼Que es lo primero que se te viene a la cabeza??? - LagosğŸš£â€â™€ - MontaÃ±as â›°ï¸ - Cerros Nevados ğŸ”ï¸ - Todo junto y mÃ¡s âœ¨ğŸ˜ ğŸ’›Hoy te mostramos ""La playa BahÃ­a brava"" en el Lago Nahuel Huapi . . ğŸ§Lo conocÃ­as??? ğŸ“±Escribimos para saber las todas las actividades que podes hacer. ğŸ‘‰ğŸ¼Contactanos por mensaje directo, estamos para vosğŸ‘©ğŸ½â€ğŸ’»â€¼ï¸ . . caminataspatagonicas",1785,           ,bahia_brava,"Villa La Angostura, AR",-40.78,-71.66,Partly cloudy,5.1,11.2,-0.5,0.01,0.0,68,10.0,20.5,06:58 AM,08:07 PM,2024-04-22 19:08
2024-03-27,vivermaisomundo,"Um dos lugares mais lindos de Villa la Angostura Essa Ã© a Bahia Mansa, com Ã¡guas calmas e cor azul esverdeada. O passeio de caiaque por aqui Ã© imperdÃ­vel e do outro lado a alguns metros fica a Bahia Brava com Ã¡guas mais agitadas.",748,    ,bahia_mansa,"Villa La Angostura, AR",-40.78,-71.66,Partly cloudy,12.6,18.8,7.8,0.0,0.0,67,10.0,11.2,07:58 AM,07:46 PM,2024-04-22 19:00
2024-02-18,vivamoslapatagonia,"Villa La Angostura y sus paisajes tan hermosos!!! ğŸ“BahÃ­a Manzano Somos Maru y Mau y te mostramos lo que vivimos a diario en la patagonia ğŸ‡¦ğŸ‡· Seguinos en Instagram donde somos una comunidad de 153k ğŸ‘‰ğŸ½ Si te gustÃ³ compartilo ğŸ“² y â™¥ï¸ ğŸ‘‰ğŸ½ Guardalo ğŸ’¾ ğŸ‘‰ğŸ½ Cuidemos el ğŸŒ â€¦â€¦â€¦â€¦â€¦â€¦â€¦â€¦â€¦â€¦â€¦..â€¦â€¦â€¦â€¦â€¦â€¦â€¦â€¦â€¦â€¦. ğŸ™ŒğŸ¼ Se parte de la soluciÃ³n, no de la contaminaciÃ³n âš ï¸Si vas y volves con tu ğŸ“± anda y volvÃ© con tu basurağŸš¯ğŸ‘‰ğŸ½ ğŸš®â™»ï¸ â€¦â€¦â€¦â€¦â€¦â€¦â€¦â€¦â€¦â€¦â€¦..â€¦â€¦â€¦â€¦â€¦â€¦â€¦â€¦â€¦â€¦. #parati #tiktok #viajar #viajaresvivir #paraiso #lago #playa #montaÃ±as #villalaango",4174,                       ,bahia_mansa,"Villa La Angostura, AR",-40.78,-71.66,Sunny,16.5,23.3,9.6,0.0,0.0,43,10.0,6.1,07:15 AM,08:46 PM,2024-04-22 19:02
2024-03-10,gabrielcris23,Bahia mansa - villa la angostura #sur #patagoniaargentina #patagonia,553,#sur #patagoniaargentina #patagonia ,bahia_mansa,"Villa La Angostura, AR",-40.78,-71.66,Cloudy,10.7,17.2,5.4,0.11,0.0,72,10.0,25.9,07:39 AM,08:13 PM,2024-04-22 19:03
2024-02-26,delrioalmundo,podemos admitir que Villa La Angostura es de los mejores lugares de Argentina? ğŸ˜,17700,    ,bahia_mansa,"Villa La Angostura, AR",-40.78,-71.66,Sunny,12.7,19.9,6.7,0.0,0.0,57,10.0,19.4,07:25 AM,08:34 PM,2024-04-22 19:03
2023-12-11,casadosyfelices23,Bahia mansa Villa la Angostura que les parece esta belleza de lugar?#parati #paratii,573,#parati #paratii         ,bahia_mansa,"Villa La Angostura, AR",-40.78,-71.66,Patchy rain possible,11.9,17.0,8.1,0.74,0.0,68,10.0,27.0,06:09 AM,09:11 PM,2024-04-22 19:04
2024-02-26,nadiaashir,"Un poco de pazâœ¨ï¸ğŸğŸ›¶ ğŸ“Bahia Mansa, Villa La Angostura. NeuquÃ©n #argentinağŸ‡¦ğŸ‡· #neuquÃ©n",342,#argentinağŸ‡¦ğŸ‡· #neuquÃ©n   ,bahia_mansa,"Villa La Angostura, AR",-40.78,-71.66,Sunny,12.7,19.9,6.7,0.0,0.0,57,10.0,19.4,07:25 AM,08:34 PM,2024-04-22 19:03
2023-10-30,cristianvejares39,"Mirador Bahia Mansa, Villa la Angostura NeuquÃ©n.",450,,bahia_mansa,"Villa La Angostura, AR",-40.78,-71.66,Moderate or heavy snow showers,-0.7,2.7,-5.5,10.22,8.31,86,7.2,22.3,06:37 AM,08:24 PM,2024-04-22 19:07
2024-01-06,laailafarias,"BUENAS BUENAAAAAS, mini resumen de paisajes que disfrutamos ayerğŸ’– alquilamos bicicletas en Villa La angostura y recorrimos todo âœ¨ 7 hs intensas pero valieron la pena. Quieren que les suba videl explicando y pasando data?",31900,     ,bahia_mansa,"Villa La Angostura, AR",-40.78,-71.66,Light rain shower,12.4,16.9,9.8,5.08,0.0,80,9.3,23.4,06:23 AM,09:21 PM,2024-04-22 19:05
2024-02-22,gusariase,"ğŸ“ Lago Nahuel Huapi, Villa la Angostura. EstÃ¡ estÃ¡s espectacular bahÃ­a Brazo RincÃ³n.",31400,      ,bahia_mansa,"Villa La Angostura, AR",-40.78,-71.66,Light rain shower,9.7,14.4,7.1,2.7,0.0,73,8.7,25.2,07:20 AM,08:40 PM,2024-04-22 19:03
2023-08-02,fuentes_constructora,ALOJAMIENTO EN VILLA LA ANGOSTURA. #paratii #vacaciones #surdeargentina,4780,#paratii #vacaciones #surdeargentina  ,bahia_mansa,"Villa La Angostura, AR",-40.78,-71.66,Patchy moderate snow,0.4,1.8,-2.9,6.5,0.51,80,9.2,16.4,08:52 AM,06:54 PM,2024-04-22 19:09
2024-01-02,micabarredoarte,El restaurante con la mejor vista de Villa La Angostura ğŸ”ï¸ğŸ‡¦ğŸ‡· En el extremo norte del lago Nahuel Huapi se encuentra @miradorlakecuisine Un espacio que parece flotar por encima del agua y que te sorprende con sus sabores ğŸ ğŸŒ· Si este verano estÃ¡s por la Patagonia Argentina tenÃ©s que conocerlo ğŸ«¶ğŸ½,21800,   ,bahia_mansa,"Villa La Angostura, AR",-40.78,-71.66,Partly cloudy,16.0,24.0,8.3,0.0,0.0,49,10.0,19.8,06:19 AM,09:22 PM,2024-04-22 19:05
2023-11-17,agustinaginerr,Hospedarse en hoteles de la cadena DOT : ruma andina en villa la angostura #hotel,6690,#hotel        ,bahia_mansa,"Villa La Angostura, AR",-40.78,-71.66,Moderate or heavy snow showers,2.2,3.3,-0.3,20.99,5.66,90,5.4,34.9,06:17 AM,08:46 PM,2024-04-22 19:05
2023-11-29,lugaresyrutas,Villa La Angostura #bariloche2023ğŸ‡¦ğŸ‡·ğŸ‡¦ğŸ‡·ğŸ‡¦ğŸ‡·ğŸ’«âœ¨ğŸ’«âœ¨ğŸ’«âœ¨,42400,#bariloche2023ğŸ‡¦ğŸ‡·ğŸ‡¦ğŸ‡·ğŸ‡¦ğŸ‡·ğŸ’«âœ¨ğŸ’«âœ¨ğŸ’«âœ¨          ,bahia_mansa,"Villa La Angostura, AR",-40.78,-71.66,Patchy rain possible,5.9,7.5,2.8,1.5,0.0,84,9.0,20.9,06:10 AM,09:00 PM,2024-04-22 19:05
2024-01-13,rodriflorentin,la casita de la oma en villa la angosturağŸ’– #merienda #patagoniaargentina,32400,#merienda #patagoniaargentina,bahia_mansa,"Villa La Angostura, AR",-40.78,-71.66,Sunny,11.6,17.4,6.4,0.0,0.0,60,10.0,28.1,06:30 AM,09:20 PM,2024-04-22 19:03
2024-01-18,turismovla,"Ver el atardecer en la montaÃ±a, conectar con el entorno y toda la magia que tiene Villa La Angostura para ofrecer.",867, ,bahia_mansa,"Villa La Angostura, AR",-40.78,-71.66,Sunny,11.9,19.0,5.1,0.3,0.0,56,10.0,23.4,06:36 AM,09:17 PM,2024-04-22 19:03
2024-03-07,darquierpropiedades,"Descubre las grandiosas oportunidades de inversiÃ³n en Villa La Angostura de la mano de Darquier PropiedadesğŸ”ï¸ ğŸ“ˆCon un notable crecimiento econÃ³mico en los dos Ãºltimos aÃ±os, respaldado por su alta rentabilidad en dÃ³lares, este rincÃ³n del sur argentino se vuelve en un lugar perfecto a la hora de querer analizar una inversiÃ³n. ğŸ Desde Darquier Propiedades ofrecemos diversas opciones de inversiÃ³n, desde terrenos para analizar un proyecto de vivienda o multifamiliar, hasta proyectos de complejos turisticos, casas, viviendas en propiedad horizontal, y duplex. Ofrecemos ademÃ¡s la posibilidad de brindarte un servicio de asesoramiento, amueblamiento y administraciÃ³n de la propiedad para que puedas invertir con tranquilidad estÃ©s donde estÃ©s. Gracias a las alianzas establecidas con colegas locales, podemos acercarte oportunidades Ãºnicas Si querÃ©s recibir mÃ¡s informaciÃ³n, no dudes en ponerte en contacto con nosotros a travÃ©s de nuestras redes socialesğŸ“².",537,       ,bahia_mansa,"Villa La Angostura, AR",-40.78,-71.66,Sunny,10.9,19.3,5.3,0.0,0.0,48,10.0,26.3,07:36 AM,08:18 PM,2024-04-22 19:01
2023-09-17,agustinaginerr,"AcompaÃ±ame en esta experiencia: dia 1 en mi viaje a Villa La angostura. Partimos desde aeroparque hacia Bariloche. Dejamos nuestro auto en @maderoparking. Una vez en bariloche retiramos el auto que alquilamos en KMCERO por $108000 los 6 dÃ­as. Primera parada: @rumaandina by @dot.hotels en un departamento de cuento de hadas ğŸ§šâ€â™€ï¸ Conocimos rio correntoso y bahia brava, almorzamos en el resfaurante Renacer en el centro por $15800 en total. Volvimos a disfrutar de las cabaÃ±as, su pileta climatizada y cocinarnos algo rico para cenar â¤ï¸ DÃ©jenme en comentarios que les gustarÃ­a saber o verâœˆï¸",1008,          ,bahia_mansa,"Villa La Angostura, AR",-40.78,-71.66,Moderate or heavy snow showers,-0.9,2.7,-4.9,3.7,2.98,80,8.3,18.0,07:45 AM,07:39 PM,2024-04-22 19:09
2024-01-11,salttepper,"AKOL ğŸ— El mejor restaurante de Villa La Angostura ubicado dentro de un barrio nÃ¡utico ğŸ“ Blvd. Quetrihue 488, Villa La Angostura ğŸŒ ğŸŒ™ Martes a sÃ¡bados âœ‰ï¸ Reservas por WhatsApp o Instagram",177100,,bahia_mansa,"Villa La Angostura, AR",-40.78,-71.66,Sunny,14.1,22.7,8.1,0.0,0.0,53,10.0,22.0,06:28 AM,09:20 PM,2024-04-22 19:05
2024-03-10,gabrielcris23,Bahia brava - Villa la angostura.#sur #patagoniaargentina #patagonia,597,#sur #patagoniaargentina #patagonia ,bahia_brava,"Villa La Angostura, AR",-40.78,-71.66,Cloudy,10.7,17.2,5.4,0.11,0.0,72,10.0,25.9,07:39 AM,08:13 PM,2024-04-22 19:03
2023-08-28,viaje.docepatas,"Unos mates a orillas de Bahia Brava, Villa La Angostura ğŸ§‰ğŸ‡¦ğŸ‡·â¤ï¸ #noesporpresumir",830,#noesporpresumir       ,bahia_brava,"Villa La Angostura, AR",-40.78,-71.66,Light snow showers,2.3,3.7,-1.7,17.1,6.38,87,8.1,22.7,08:17 AM,07:19 PM,2024-04-22 19:08
2023-08-20,noemicardozo60,MUELLE BAHIA BRAVA. VILLA LA ANGOSTURA,8309,,bahia_brava,"Villa La Angostura, AR",-40.78,-71.66,Moderate or heavy rain shower,1.5,3.8,-1.1,42.65,13.22,97,3.9,10.1,08:29 AM,07:11 PM,2024-04-22 19:08
2024-02-19,camiaraoz10,Villa La Angostura y sus playitasğŸ¤©ğŸ¤© ğŸ“Playa Brazo Ãšltima Esperanza ğŸ“Lago espejo ğŸ“Lago correntoso ğŸ“Bahia brava,628,     ,bahia_brava,"Villa La Angostura, AR",-40.78,-71.66,Sunny,19.6,27.9,12.7,0.0,0.0,44,10.0,14.0,07:16 AM,08:44 PM,2024-04-22 19:02
2023-10-20,sofibertola_,"Full day en villa la angosturağŸƒ Lugares imperdibles para conocer: - Ruta de los 7 lagos (rio correntoso, lago espejo, ruca malen) - Cascada rio bonito - Bahia brava - Bosque de arrayanes - Cerro bayo - Playa bonita - Cafeteria Antibes (increible lugar para desayuar o merendar)",906,    ,bahia_brava,"Villa La Angostura, AR",-40.78,-71.66,Overcast,10.8,17.0,5.3,0.0,0.0,58,10.0,14.8,06:51 AM,08:13 PM,2024-04-22 19:06
2024-04-04,celeraiteri,"Lugares que recorrimos en 5 dias : â€¢Cascada de los duendes â€¢Lago Gutierrez â€¢Hamburgueseria Weiss (HIPER RECOMENDAMOS) â€¢Villa Traful â€¢Villa la angostura (Bahia Brava) â€¢El Bolson (caminata del rio azul â€œEl paraisoâ€ de 45 min de duracion) â€¢Circuito chico, Colonia Suiza â€¢Refugio Patagonia 24.7 â€¢Centro de BRCâ¤ï¸",721,        ,bahia_brava,"Villa La Angostura, AR",-40.78,-71.66,Light drizzle,6.6,8.4,5.3,2.24,0.0,92,9.0,23.8,08:06 AM,07:33 PM,2024-04-22 19:00
2024-01-17,agusseju,2 dias en villa la angostura #elsur #patagoniaargentina,804,#elsur #patagoniaargentina        ,bahia_brava,"Villa La Angostura, AR",-40.78,-71.66,Overcast,15.0,23.4,8.7,0.0,0.0,56,10.0,31.0,06:35 AM,09:18 PM,2024-04-22 19:05
2023-12-10,thiagof.okk,"Bahia brava, es impresionante como a metros hay otra Bahia que el agua es tranquila.",2637,         ,bahia_mansa,"Villa La Angostura, AR",-40.78,-71.66,Overcast,13.2,22.1,5.3,0.0,0.0,54,10.0,18.7,06:08 AM,09:11 PM,2024-04-22 19:04
2024-03-23,leticia_lvr,"â€¢ DIA 01: Alugamos um carro no Aeroporto de Bariloche e fomos atÃ© San MartÃ­n de Los Andes. Nesse mesmo dia fomos atÃ© a Playa Yuco. â€¢DIA 02: fizemos metade da Rota dos 7 Lagos. SaÃ­mos de San MartÃ­n de los Andes e passamos por: Lago Falkner, Lago Escondido, Lago Villarino, Lago Machonico, Mirador del Barranco, Cerro Chapelco, Catritre, Mirador Lolog â€¢DIA 03: fizemos o restante Rota dos 7 Lagos, passando por: Mirador Pil Pil, Lago Correntoso, Lago Espejo, Rio Correntoso, Villa Angostura, Bahia Brava, Bariloche, Cerro Otto â€¢DIA 04: Circuito Chico paramos em: Playa Sin Viento, Punto PanorÃ¢mico, Puente Arroyo La Angostura, Mirador BahÃ­a Lopez, Muelle Lago Escondido, Sendero de Los Arrayanes, Cerro Campanario â€¢DIA 05: Cerro Tronador, fizemos todo o percurso atÃ© o Mirador de La Cascada Garganta Del Diablo â€¢DIA 06: Puerto Blest por excursÃ£o, mas nÃ£o recomendo fazer no verÃ£o ğŸ¥º â€¢DIA 07: tiramos esse dia para descansar e andar pelo centro de Bariloche.",2114, ,bahia_brava,"Villa La Angostura, AR",-40.78,-71.66,Patchy rain possible,11.3,15.3,8.8,1.01,0.0,83,9.7,25.2,07:53 AM,07:52 PM,2024-04-22 19:01
2023-09-14,days_raimil,"Si quieres el arco iris, tienes que aguantar la lluvia.ğŸŒ§ğŸŒˆ #patagoniaargentina #neuquen",900,#patagoniaargentina #neuquen     ,bahia_mansa,"Villa La Angostura, AR",-40.78,-71.66,Moderate rain,3.6,6.7,1.4,39.6,15.3,96,7.6,31.0,07:50 AM,07:36 PM,2024-04-22 19:07
2023-09-24,adondeirbygiuli,Si venis al sur NO te podes perder este lugar #parati #sur #patagonia #patagoniaargentina,269400,#parati #sur #patagonia #patagoniaargentina         ,bahia_mansa,"Villa La Angostura, AR",-40.78,-71.66,Light snow showers,1.4,5.4,-1.5,0.6,0.35,85,9.3,13.3,07:33 AM,07:45 PM,2024-04-22 19:07
2023-11-18,mapadeviajante,"Circuito Chico Ã© um percurso que passa por vÃ¡rios dos principais pontos turÃ¬sticos aqui de Bariloche. ğŸ—º Nosso roteiro foi o seguinte: Praia Bonita Cerro CampanÃ¡rio Puerto PaÃ±uelos Restaurante Bechamel Villa Tacul Lagoa Escondida Bahia de los Troncos Mirador Bahia Lopez Puente Arroyo La Angostura Cervejaria PatagÃ´nia Punto PanorÃ¢mico ğŸ’µ Todos os mirantes e praias sÃ£o de acesso gratuito (exceto Cerro CampanÃ¡rio). ğŸ“Œ Acabou? Que nada! Deixamos alguns lugares pra trÃ¡s como o Hotel Llao Llao, ParÃ³quia SÃ£o Pedro, Praia do Moreno entre outros! â„ï¸ Eu gosto de passeios assim no verÃ£o. Mas no inverno, com neve, o visual dos mirante tambÃ©m deve ser bem legal, apesar do frio!!",8419,  ,bahia_mansa,"Villa La Angostura, AR",-40.78,-71.66,Moderate or heavy snow showers,2.1,4.8,-0.1,5.19,1.17,90,4.4,33.1,06:17 AM,08:47 PM,2024-04-22 19:07
2024-01-08,claireuge,"âœ¨Bariloche tiene infinidad de cosas y lugares para conocer por eso te dejo 5 cosas para hacer GRATIS y que disfrutes tus vacaciones al mÃ¡ximo! ğŸ¤© 1ï¸âƒ£ Conocer el Centro CÃ­vico y recorrer calle Mitre, una de las calles principales de la ciudad donde vas a encontrar gran variedad de negocios entre ellos locales de ropa, regalarÃ­as y chocolaterÃ­as ğŸ«. Si viniste hasta acÃ¡ no podes perderte de pasear por la costanera y sacarte una foto ğŸ“¸ en el emblemÃ¡tico cartel de BARILOCHE. 2ï¸âƒ£ Cerro Campanario. ğŸ¤”Â¿Sabias que ademÃ¡s de la histÃ³rica aerosilla de este cerro se puede subir TOTALMENTE GRATIS caminando? ğŸš¶ğŸ»La caminata consiste en un sendero de dificultad baja con duraciÃ³n aproximada de 45 minutosğŸ”ï¸ 3ï¸âƒ£ Pasar el dÃ­a en alguna de las hermosas playas que esta ciudad ofrece. Te dejo algunas opciones ğŸ“Playa Bonita km8 Av. Bustillo. En cole podes llegar con la lÃ­nea 20, 21 o 10. ğŸ“Playa sin viento ubicada en la BahÃ­a del lago Moreno en circuito chico. ğŸ“Playa del viento ubicada en el km 13 Av. Bustillo ğŸ“BahÃ­a serena ubicada en el km 12 de Av. Bustillo ğŸ“Playa villa Tacul ubicada en el km 29 de Circuito chico. 4ï¸âƒ£ Recorrer Circuito Chico. Te dejo los puntos mas importantes que no podes perderte de conocer. â­ Km. 20 â€“ PenÃ­nsula de San Pedro â­ Km. 23 â€“ Llao Llao â­ Km. 33 â€“ Puente del Arroyo Angostura â­ Km. 34 â€“ Cementerio del MontaÃ±Ã©s â­ Km. 35 â€“ Arroyo LÃ³pez y desvÃ­o a Colonia Suiza â­Km. 40 â€“ Punto PanorÃ¡mico â­Km. 42 â€“ Puente lago Perito Moreno â­ Km 44 â€“ Laguna El TrÃ©bol ğŸšŒ A pesar de que no hay transporte pÃºblico que recorra el Circuito Chico en su totalidad, se puede realizar gran parte con el Bus lÃ­nea 20 que finaliza en Puerto PaÃ±uelo. Desde allÃ­, se pueden hacer senderos de baja dificultad. TambiÃ©n se puede recorrer hasta Colonia Suiza con el Bus 10. 5ï¸âƒ£ ğŸ‡¨ğŸ‡­Colonia Suiza. Fundada a fines del siglo XIX y es el primer asentamiento europeo de la zona. âœ¨Vas a poder disfrutar de la feria de los artesanos, gastronomÃ­a (recomendado probar el curanto los domingos!) y disfrutar de su playa. â„¹ï¸ Todos los buses funcionan con tarjeta SUBE. ğŸ“©Si tenes alguna duda consÃºltame!",1731,     ,bahia_mansa,"Villa La Angostura, AR",-40.78,-71.66,Sunny,11.7,19.7,4.9,0.03,0.0,58,10.0,20.9,06:25 AM,09:21 PM,2024-04-22 19:03
