Ciudad,Latitud,Longitud,Fecha,Forecast,Temperatura Promedio (째C),Temperatura Maxima (째C),Temperatura Minima (째C),Precipitaci처n (mm),Nieve (cm),Humedad(%),Visibilidad (km),Velocidad Viento(m/s),Amanecer (s),Atardecer (s),Forecast Time
"Villa La Angostura, AR",-40.78,-71.66,2024-04-22,Light drizzle,3.0,3.7,1.8,5.93,0.0,93,5.8,17.3,08:24 AM,07:05 PM,2024-04-22 19:00
"Villa La Angostura, AR",-40.78,-71.66,2024-04-21,Overcast,4.1,8.4,0.3,0.0,0.0,71,10.0,9.7,08:23 AM,07:07 PM,2024-04-22 19:00
"Villa La Angostura, AR",-40.78,-71.66,2024-04-20,Patchy rain possible,4.2,7.9,1.8,0.08,0.0,78,10.0,19.8,08:22 AM,07:08 PM,2024-04-22 19:02
"Villa La Angostura, AR",-40.78,-71.66,2024-04-19,Light rain shower,4.3,5.8,2.7,11.97,0.0,88,8.7,29.9,08:21 AM,07:09 PM,2024-04-22 19:02
"Villa La Angostura, AR",-40.78,-71.66,2024-04-18,Moderate rain at times,10.1,17.2,6.4,11.78,0.0,69,9.4,23.0,08:20 AM,07:11 PM,2024-04-22 19:02
"Villa La Angostura, AR",-40.78,-71.66,2024-04-17,Cloudy,8.2,13.5,4.7,0.01,0.0,77,10.0,19.1,08:19 AM,07:12 PM,2024-04-22 19:00
"Villa La Angostura, AR",-40.78,-71.66,2024-04-16,Light rain,7.8,9.7,6.5,4.1,0.0,86,9.0,24.8,08:18 AM,07:14 PM,2024-04-22 19:00
"Villa La Angostura, AR",-40.78,-71.66,2024-04-15,Sunny,7.6,13.1,4.4,0.03,0.0,78,10.0,23.8,08:17 AM,07:15 PM,2024-04-22 19:02
"Villa La Angostura, AR",-40.78,-71.66,2024-04-14,Patchy rain possible,6.9,10.4,5.3,0.33,0.0,86,8.7,9.0,08:16 AM,07:17 PM,2024-04-22 19:02
"Villa La Angostura, AR",-40.78,-71.66,2024-04-13,Patchy rain possible,5.8,6.5,5.3,0.88,0.0,85,10.0,14.4,08:15 AM,07:19 PM,2024-04-22 19:00
"Villa La Angostura, AR",-40.78,-71.66,2024-04-12,Cloudy,4.1,8.9,0.0,0.04,0.0,76,10.0,14.4,08:14 AM,07:20 PM,2024-04-22 19:00
"Villa La Angostura, AR",-40.78,-71.66,2024-04-11,Moderate or heavy snow showers,1.6,2.3,1.1,0.98,0.47,92,9.1,15.5,08:13 AM,07:22 PM,2024-04-22 19:02
"Villa La Angostura, AR",-40.78,-71.66,2024-04-10,Sunny,5.1,9.7,1.9,0.0,0.0,49,10.0,21.2,08:12 AM,07:23 PM,2024-04-22 19:02
"Villa La Angostura, AR",-40.78,-71.66,2024-04-09,Sunny,4.7,11.8,-0.7,0.0,0.0,65,10.0,11.5,08:11 AM,07:25 PM,2024-04-22 19:00
"Villa La Angostura, AR",-40.78,-71.66,2024-04-08,Light rain shower,9.4,12.0,3.3,19.77,0.0,86,8.8,23.0,08:10 AM,07:26 PM,2024-04-22 19:00
"Villa La Angostura, AR",-40.78,-71.66,2024-04-07,Light drizzle,8.7,10.0,7.4,3.75,0.0,93,6.9,18.0,08:09 AM,07:28 PM,2024-04-22 19:00
"Villa La Angostura, AR",-40.78,-71.66,2024-04-06,Light drizzle,7.4,9.0,5.6,1.11,0.0,89,9.0,22.3,08:08 AM,07:30 PM,2024-04-22 19:02
"Villa La Angostura, AR",-40.78,-71.66,2024-04-05,Partly cloudy,8.5,15.7,3.5,0.01,0.0,80,9.3,11.9,08:07 AM,07:31 PM,2024-04-22 19:02
"Villa La Angostura, AR",-40.78,-71.66,2024-04-04,Light drizzle,6.6,8.4,5.3,2.24,0.0,92,9.0,23.8,08:06 AM,07:33 PM,2024-04-22 19:00
"Villa La Angostura, AR",-40.78,-71.66,2024-04-03,Moderate or heavy snow showers,3.7,5.0,2.3,7.98,0.25,94,8.4,28.4,08:05 AM,07:34 PM,2024-04-22 19:00
"Villa La Angostura, AR",-40.78,-71.66,2024-04-02,Moderate or heavy sleet,5.0,7.3,2.4,44.04,0.0,85,8.0,30.2,08:04 AM,07:36 PM,2024-04-22 19:00
"Villa La Angostura, AR",-40.78,-71.66,2024-04-01,Overcast,7.2,15.8,1.2,0.0,0.0,50,10.0,13.7,08:03 AM,07:38 PM,2024-04-22 19:00
"Villa La Angostura, AR",-40.78,-71.66,2024-03-31,Sunny,6.1,13.2,0.6,0.0,0.0,64,10.0,14.4,08:02 AM,07:39 PM,2024-04-22 19:00
"Villa La Angostura, AR",-40.78,-71.66,2024-03-30,Partly cloudy,6.2,12.1,3.0,0.01,0.0,68,10.0,20.2,08:01 AM,07:41 PM,2024-04-22 19:02
"Villa La Angostura, AR",-40.78,-71.66,2024-03-29,Patchy rain possible,11.9,15.6,5.7,0.37,0.0,67,10.0,19.4,08:00 AM,07:42 PM,2024-04-22 19:00
"Villa La Angostura, AR",-40.78,-71.66,2024-03-28,Sunny,13.2,21.8,7.8,0.0,0.0,61,10.0,18.0,07:59 AM,07:44 PM,2024-04-22 19:01
"Villa La Angostura, AR",-40.78,-71.66,2024-03-27,Partly cloudy,12.6,18.8,7.8,0.0,0.0,67,10.0,11.2,07:58 AM,07:46 PM,2024-04-22 19:00
"Villa La Angostura, AR",-40.78,-71.66,2024-03-26,Patchy rain possible,13.4,17.9,10.7,0.83,0.0,80,10.0,14.4,07:56 AM,07:47 PM,2024-04-22 19:00
"Villa La Angostura, AR",-40.78,-71.66,2024-03-25,Sunny,13.1,20.1,8.6,0.0,0.0,61,10.0,13.0,07:55 AM,07:49 PM,2024-04-22 19:01
"Villa La Angostura, AR",-40.78,-71.66,2024-03-24,Partly cloudy,11.4,15.6,7.6,0.25,0.0,71,10.0,15.8,07:54 AM,07:51 PM,2024-04-22 19:01
"Villa La Angostura, AR",-40.78,-71.66,2024-03-23,Patchy rain possible,11.3,15.3,8.8,1.01,0.0,83,9.7,25.2,07:53 AM,07:52 PM,2024-04-22 19:01
"Villa La Angostura, AR",-40.78,-71.66,2024-03-22,Moderate rain,8.5,10.3,5.8,18.2,0.0,78,8.8,13.7,07:52 AM,07:54 PM,2024-04-22 19:01
"Villa La Angostura, AR",-40.78,-71.66,2024-03-21,Overcast,6.3,15.1,-0.6,0.0,0.0,65,10.0,15.8,07:51 AM,07:56 PM,2024-04-22 19:03
"Villa La Angostura, AR",-40.78,-71.66,2024-03-20,Moderate or heavy snow showers,3.9,7.1,0.7,17.29,0.3,78,9.4,24.1,07:50 AM,07:57 PM,2024-04-22 19:03
"Villa La Angostura, AR",-40.78,-71.66,2024-03-19,Moderate rain,7.2,10.4,4.3,63.09,0.0,88,7.5,37.1,07:49 AM,07:59 PM,2024-04-22 19:01
"Villa La Angostura, AR",-40.78,-71.66,2024-03-18,Partly cloudy,7.7,13.9,3.1,0.01,0.0,68,10.0,18.0,07:48 AM,08:00 PM,2024-04-22 19:01
"Villa La Angostura, AR",-40.78,-71.66,2024-03-17,Patchy rain possible,5.8,10.9,2.1,0.04,0.0,75,10.0,22.0,07:47 AM,08:02 PM,2024-04-22 19:01
"Villa La Angostura, AR",-40.78,-71.66,2024-03-16,Patchy rain possible,8.4,11.8,4.6,0.52,0.0,70,10.0,26.3,07:46 AM,08:04 PM,2024-04-22 19:03
"Villa La Angostura, AR",-40.78,-71.66,2024-03-15,Partly cloudy,7.4,12.9,3.4,0.21,0.0,75,10.0,25.9,07:45 AM,08:05 PM,2024-04-22 19:01
"Villa La Angostura, AR",-40.78,-71.66,2024-03-14,Patchy rain possible,7.6,13.2,4.4,0.16,0.0,71,10.0,27.0,07:44 AM,08:07 PM,2024-04-22 19:03
"Villa La Angostura, AR",-40.78,-71.66,2024-03-13,Light rain,7.1,10.2,4.7,15.67,0.0,87,9.1,25.9,07:43 AM,08:09 PM,2024-04-22 19:01
"Villa La Angostura, AR",-40.78,-71.66,2024-03-12,Moderate rain,10.2,13.2,7.4,13.76,0.0,84,8.5,24.5,07:42 AM,08:10 PM,2024-04-22 19:01
"Villa La Angostura, AR",-40.78,-71.66,2024-03-11,Partly cloudy,11.6,18.8,6.9,6.15,0.0,71,9.8,26.6,07:41 AM,08:12 PM,2024-04-22 19:01
"Villa La Angostura, AR",-40.78,-71.66,2024-03-10,Cloudy,10.7,17.2,5.4,0.11,0.0,72,10.0,25.9,07:39 AM,08:13 PM,2024-04-22 19:03
"Villa La Angostura, AR",-40.78,-71.66,2024-03-09,Light drizzle,8.4,13.0,5.4,4.06,0.0,81,8.1,38.5,07:38 AM,08:15 PM,2024-04-22 19:01
"Villa La Angostura, AR",-40.78,-71.66,2024-03-08,Light rain shower,6.7,8.8,4.5,22.41,0.0,87,8.7,31.7,07:37 AM,08:17 PM,2024-04-22 19:01
"Villa La Angostura, AR",-40.78,-71.66,2024-03-07,Sunny,10.9,19.3,5.3,0.0,0.0,48,10.0,26.3,07:36 AM,08:18 PM,2024-04-22 19:01
"Villa La Angostura, AR",-40.78,-71.66,2024-03-06,Sunny,11.7,19.7,5.4,0.01,0.0,58,10.0,16.9,07:35 AM,08:20 PM,2024-04-22 19:01
"Villa La Angostura, AR",-40.78,-71.66,2024-03-05,Overcast,12.6,22.1,5.5,0.0,0.0,45,10.0,22.7,07:34 AM,08:21 PM,2024-04-22 19:03
"Villa La Angostura, AR",-40.78,-71.66,2024-03-04,Sunny,12.7,20.6,6.3,0.0,0.0,46,10.0,15.5,07:33 AM,08:23 PM,2024-04-22 19:03
"Villa La Angostura, AR",-40.78,-71.66,2024-03-03,Partly cloudy,11.1,20.9,2.6,0.0,0.0,47,10.0,14.8,07:32 AM,08:25 PM,2024-04-22 19:01
"Villa La Angostura, AR",-40.78,-71.66,2024-03-02,Patchy rain possible,10.2,15.6,5.7,0.03,0.0,65,10.0,21.6,07:30 AM,08:26 PM,2024-04-22 19:01
"Villa La Angostura, AR",-40.78,-71.66,2024-03-01,Sunny,13.1,19.9,7.6,0.0,0.0,49,10.0,21.6,07:29 AM,08:28 PM,2024-04-22 19:01
"Villa La Angostura, AR",-40.78,-71.66,2024-02-29,Overcast,13.6,23.1,6.2,0.0,0.0,54,10.0,15.8,07:28 AM,08:29 PM,2024-04-22 19:01
"Villa La Angostura, AR",-40.78,-71.66,2024-02-28,Patchy rain possible,13.2,19.4,9.2,0.79,0.0,68,9.7,16.2,07:27 AM,08:31 PM,2024-04-22 19:03
"Villa La Angostura, AR",-40.78,-71.66,2024-02-27,Patchy rain possible,12.3,19.9,7.7,1.62,0.0,70,8.9,16.6,07:26 AM,08:32 PM,2024-04-22 19:02
"Villa La Angostura, AR",-40.78,-71.66,2024-02-26,Sunny,12.7,19.9,6.7,0.0,0.0,57,10.0,19.4,07:25 AM,08:34 PM,2024-04-22 19:03
"Villa La Angostura, AR",-40.78,-71.66,2024-02-25,Partly cloudy,13.4,20.6,8.6,0.0,0.0,49,10.0,17.6,07:23 AM,08:35 PM,2024-04-22 19:01
"Villa La Angostura, AR",-40.78,-71.66,2024-02-24,Partly cloudy,13.1,20.4,7.4,0.0,0.0,50,10.0,14.4,07:22 AM,08:37 PM,2024-04-22 19:04
"Villa La Angostura, AR",-40.78,-71.66,2024-02-23,Partly cloudy,11.5,19.4,5.3,0.06,0.0,61,10.0,18.7,07:21 AM,08:38 PM,2024-04-22 19:04
"Villa La Angostura, AR",-40.78,-71.66,2024-02-22,Light rain shower,9.7,14.4,7.1,2.7,0.0,73,8.7,25.2,07:20 AM,08:40 PM,2024-04-22 19:03
"Villa La Angostura, AR",-40.78,-71.66,2024-02-21,Patchy rain possible,13.0,20.0,8.8,6.03,0.0,67,9.5,23.8,07:19 AM,08:41 PM,2024-04-22 19:04
"Villa La Angostura, AR",-40.78,-71.66,2024-02-20,Overcast,16.3,23.3,11.4,0.0,0.0,56,10.0,24.8,07:17 AM,08:43 PM,2024-04-22 19:02
"Villa La Angostura, AR",-40.78,-71.66,2024-02-19,Sunny,19.6,27.9,12.7,0.0,0.0,44,10.0,14.0,07:16 AM,08:44 PM,2024-04-22 19:02
"Villa La Angostura, AR",-40.78,-71.66,2024-02-18,Sunny,16.5,23.3,9.6,0.0,0.0,43,10.0,6.1,07:15 AM,08:46 PM,2024-04-22 19:02
"Villa La Angostura, AR",-40.78,-71.66,2024-02-17,Patchy rain possible,14.3,21.3,8.7,0.08,0.0,56,10.0,17.6,07:14 AM,08:47 PM,2024-04-22 19:02
"Villa La Angostura, AR",-40.78,-71.66,2024-02-16,Sunny,16.6,24.6,10.6,0.0,0.0,46,10.0,22.0,07:12 AM,08:48 PM,2024-04-22 19:04
"Villa La Angostura, AR",-40.78,-71.66,2024-02-15,Sunny,17.9,26.7,11.2,0.0,0.0,42,10.0,18.7,07:11 AM,08:50 PM,2024-04-22 19:02
"Villa La Angostura, AR",-40.78,-71.66,2024-02-14,Overcast,18.0,27.0,11.0,0.0,0.0,46,10.0,18.4,07:10 AM,08:51 PM,2024-04-22 19:02
"Villa La Angostura, AR",-40.78,-71.66,2024-02-13,Sunny,16.2,24.8,8.5,0.0,0.0,44,10.0,7.2,07:09 AM,08:52 PM,2024-04-22 19:04
"Villa La Angostura, AR",-40.78,-71.66,2024-02-12,Sunny,12.2,19.8,4.0,0.01,0.0,58,10.0,13.7,07:07 AM,08:54 PM,2024-04-22 19:02
"Villa La Angostura, AR",-40.78,-71.66,2024-02-11,Partly cloudy,14.4,19.4,9.2,0.0,0.0,59,10.0,27.4,07:06 AM,08:55 PM,2024-04-22 19:02
"Villa La Angostura, AR",-40.78,-71.66,2024-02-10,Patchy rain possible,15.2,21.1,10.3,2.56,0.0,69,9.8,18.4,07:05 AM,08:56 PM,2024-04-22 19:02
"Villa La Angostura, AR",-40.78,-71.66,2024-02-09,Patchy light rain with thunder,14.7,22.7,9.9,14.81,0.0,66,9.5,21.6,07:04 AM,08:57 PM,2024-04-22 19:04
"Villa La Angostura, AR",-40.78,-71.66,2024-02-08,Partly cloudy,14.1,21.8,8.5,0.1,0.0,46,10.0,10.8,07:02 AM,08:59 PM,2024-04-22 19:02
"Villa La Angostura, AR",-40.78,-71.66,2024-02-07,Patchy rain possible,13.0,18.5,8.9,0.4,0.0,61,10.0,28.1,07:01 AM,09:00 PM,2024-04-22 19:04
"Villa La Angostura, AR",-40.78,-71.66,2024-02-06,Patchy rain possible,15.0,20.5,11.1,1.31,0.0,71,9.3,29.2,07:00 AM,09:01 PM,2024-04-22 19:04
"Villa La Angostura, AR",-40.78,-71.66,2024-02-05,Overcast,15.2,20.6,10.0,0.02,0.0,56,10.0,18.7,06:59 AM,09:02 PM,2024-04-22 19:02
"Villa La Angostura, AR",-40.78,-71.66,2024-02-04,Sunny,16.2,25.7,8.3,0.0,0.0,35,10.0,22.3,06:57 AM,09:03 PM,2024-04-22 19:04
"Villa La Angostura, AR",-40.78,-71.66,2024-02-03,Partly cloudy,13.6,22.1,4.8,0.0,0.0,54,10.0,19.8,06:56 AM,09:04 PM,2024-04-22 19:02
"Villa La Angostura, AR",-40.78,-71.66,2024-02-02,Patchy rain possible,15.4,20.6,11.6,0.45,0.0,70,10.0,32.8,06:55 AM,09:05 PM,2024-04-22 19:04
"Villa La Angostura, AR",-40.78,-71.66,2024-02-01,Partly cloudy,16.1,23.9,10.2,0.0,0.0,67,10.0,19.1,06:53 AM,09:06 PM,2024-04-22 19:02
"Villa La Angostura, AR",-40.78,-71.66,2024-01-31,Sunny,15.7,22.5,8.6,0.0,0.0,60,10.0,26.6,06:52 AM,09:07 PM,2024-04-22 19:02
"Villa La Angostura, AR",-40.78,-71.66,2024-01-30,Sunny,15.5,22.8,8.8,0.0,0.0,48,10.0,23.8,06:51 AM,09:08 PM,2024-04-22 19:04
"Villa La Angostura, AR",-40.78,-71.66,2024-01-29,Overcast,15.2,23.9,7.5,0.0,0.0,39,10.0,18.4,06:50 AM,09:09 PM,2024-04-22 19:02
"Villa La Angostura, AR",-40.78,-71.66,2024-01-28,Partly cloudy,16.3,23.3,10.4,0.1,0.0,50,10.0,22.7,06:48 AM,09:10 PM,2024-04-22 19:02
"Villa La Angostura, AR",-40.78,-71.66,2024-01-27,Overcast,16.0,23.8,9.8,0.01,0.0,61,10.0,15.5,06:47 AM,09:11 PM,2024-04-22 19:05
"Villa La Angostura, AR",-40.78,-71.66,2024-01-26,Overcast,18.0,24.9,11.9,0.0,0.0,52,10.0,23.8,06:46 AM,09:12 PM,2024-04-22 19:05
"Villa La Angostura, AR",-40.78,-71.66,2024-01-25,Overcast,18.1,26.7,10.6,0.0,0.0,51,10.0,16.9,06:45 AM,09:13 PM,2024-04-22 19:03
"Villa La Angostura, AR",-40.78,-71.66,2024-01-24,Sunny,16.8,25.7,9.0,0.0,0.0,45,10.0,23.4,06:43 AM,09:13 PM,2024-04-22 19:05
"Villa La Angostura, AR",-40.78,-71.66,2024-01-23,Sunny,19.3,26.8,12.8,0.0,0.0,49,10.0,22.0,06:42 AM,09:14 PM,2024-04-22 19:05
"Villa La Angostura, AR",-40.78,-71.66,2024-01-22,Sunny,20.0,28.5,13.0,0.47,0.0,41,10.0,17.6,06:41 AM,09:15 PM,2024-04-22 19:03
"Villa La Angostura, AR",-40.78,-71.66,2024-01-21,Sunny,17.7,26.5,10.3,0.0,0.0,44,10.0,13.7,06:40 AM,09:16 PM,2024-04-22 19:03
"Villa La Angostura, AR",-40.78,-71.66,2024-01-20,Sunny,17.0,26.3,10.1,0.0,0.0,50,10.0,15.8,06:38 AM,09:16 PM,2024-04-22 19:03
"Villa La Angostura, AR",-40.78,-71.66,2024-01-19,Sunny,14.6,24.3,5.6,0.0,0.0,48,10.0,15.1,06:37 AM,09:17 PM,2024-04-22 19:03
"Villa La Angostura, AR",-40.78,-71.66,2024-01-18,Sunny,11.9,19.0,5.1,0.3,0.0,56,10.0,23.4,06:36 AM,09:17 PM,2024-04-22 19:03
"Villa La Angostura, AR",-40.78,-71.66,2024-01-17,Overcast,15.0,23.4,8.7,0.0,0.0,56,10.0,31.0,06:35 AM,09:18 PM,2024-04-22 19:05
"Villa La Angostura, AR",-40.78,-71.66,2024-01-16,Sunny,12.8,21.4,4.7,0.0,0.0,60,10.0,14.8,06:34 AM,09:18 PM,2024-04-22 19:03
"Villa La Angostura, AR",-40.78,-71.66,2024-01-15,Patchy rain possible,12.4,17.3,8.0,0.06,0.0,72,10.0,19.8,06:32 AM,09:19 PM,2024-04-22 19:03
"Villa La Angostura, AR",-40.78,-71.66,2024-01-14,Patchy rain possible,10.1,14.2,6.8,0.32,0.0,75,10.0,23.8,06:31 AM,09:19 PM,2024-04-22 19:03
"Villa La Angostura, AR",-40.78,-71.66,2024-01-13,Sunny,11.6,17.4,6.4,0.0,0.0,60,10.0,28.1,06:30 AM,09:20 PM,2024-04-22 19:03
"Villa La Angostura, AR",-40.78,-71.66,2024-01-12,Partly cloudy,13.5,21.4,6.0,0.0,0.0,49,10.0,23.4,06:29 AM,09:20 PM,2024-04-22 19:05
"Villa La Angostura, AR",-40.78,-71.66,2024-01-11,Sunny,14.1,22.7,8.1,0.0,0.0,53,10.0,22.0,06:28 AM,09:20 PM,2024-04-22 19:05
"Villa La Angostura, AR",-40.78,-71.66,2024-01-10,Sunny,12.5,21.7,3.6,0.0,0.0,53,10.0,12.6,06:27 AM,09:21 PM,2024-04-22 19:05
"Villa La Angostura, AR",-40.78,-71.66,2024-01-09,Sunny,11.5,19.5,4.0,0.0,0.0,52,10.0,18.7,06:26 AM,09:21 PM,2024-04-22 19:03
"Villa La Angostura, AR",-40.78,-71.66,2024-01-08,Sunny,11.7,19.7,4.9,0.03,0.0,58,10.0,20.9,06:25 AM,09:21 PM,2024-04-22 19:03
"Villa La Angostura, AR",-40.78,-71.66,2024-01-07,Patchy rain possible,12.0,16.9,7.8,0.41,0.0,67,10.0,26.3,06:24 AM,09:21 PM,2024-04-22 19:03
"Villa La Angostura, AR",-40.78,-71.66,2024-01-06,Light rain shower,12.4,16.9,9.8,5.08,0.0,80,9.3,23.4,06:23 AM,09:21 PM,2024-04-22 19:05
"Villa La Angostura, AR",-40.78,-71.66,2024-01-05,Patchy rain possible,14.5,20.3,10.2,0.18,0.0,65,10.0,37.1,06:22 AM,09:22 PM,2024-04-22 19:03
"Villa La Angostura, AR",-40.78,-71.66,2024-01-04,Partly cloudy,16.1,23.4,10.4,0.0,0.0,49,10.0,26.3,06:21 AM,09:22 PM,2024-04-22 19:03
"Villa La Angostura, AR",-40.78,-71.66,2024-01-03,Sunny,16.4,24.2,8.1,0.0,0.0,49,10.0,18.7,06:20 AM,09:22 PM,2024-04-22 19:05
"Villa La Angostura, AR",-40.78,-71.66,2024-01-02,Partly cloudy,16.0,24.0,8.3,0.0,0.0,49,10.0,19.8,06:19 AM,09:22 PM,2024-04-22 19:05
"Villa La Angostura, AR",-40.78,-71.66,2024-01-01,Overcast,15.1,23.2,8.2,0.0,0.0,60,10.0,19.1,06:18 AM,09:21 PM,2024-04-22 19:03
"Villa La Angostura, AR",-40.78,-71.66,2023-12-31,Sunny,14.7,21.8,7.8,0.0,0.0,55,10.0,20.9,06:18 AM,09:21 PM,2024-04-22 19:05
"Villa La Angostura, AR",-40.78,-71.66,2023-12-30,Overcast,16.6,24.6,9.9,0.0,0.0,52,10.0,21.2,06:17 AM,09:21 PM,2024-04-22 19:03
"Villa La Angostura, AR",-40.78,-71.66,2023-12-29,Partly cloudy,13.7,21.8,5.6,0.0,0.0,57,10.0,15.1,06:16 AM,09:21 PM,2024-04-22 19:04
"Villa La Angostura, AR",-40.78,-71.66,2023-12-28,Sunny,14.3,21.5,8.2,0.0,0.0,60,10.0,22.7,06:15 AM,09:21 PM,2024-04-22 19:05
"Villa La Angostura, AR",-40.78,-71.66,2023-12-27,Sunny,17.7,24.8,11.6,0.0,0.0,55,10.0,20.9,06:15 AM,09:20 PM,2024-04-22 19:04
"Villa La Angostura, AR",-40.78,-71.66,2023-12-26,Sunny,18.7,26.0,11.9,0.0,0.0,46,10.0,14.4,06:14 AM,09:20 PM,2024-04-22 19:04
"Villa La Angostura, AR",-40.78,-71.66,2023-12-25,Sunny,15.6,23.4,7.2,0.0,0.0,54,10.0,7.6,06:13 AM,09:20 PM,2024-04-22 19:04
"Villa La Angostura, AR",-40.78,-71.66,2023-12-24,Overcast,13.7,20.7,6.7,0.0,0.0,52,10.0,16.6,06:13 AM,09:19 PM,2024-04-22 19:06
"Villa La Angostura, AR",-40.78,-71.66,2023-12-23,Sunny,13.2,22.4,4.3,0.0,0.0,59,10.0,15.5,06:12 AM,09:19 PM,2024-04-22 19:06
"Villa La Angostura, AR",-40.78,-71.66,2023-12-22,Sunny,13.1,19.8,6.9,0.0,0.0,61,10.0,18.7,06:12 AM,09:19 PM,2024-04-22 19:06
"Villa La Angostura, AR",-40.78,-71.66,2023-12-21,Sunny,13.6,20.8,6.6,0.0,0.0,62,10.0,20.5,06:11 AM,09:18 PM,2024-04-22 19:04
"Villa La Angostura, AR",-40.78,-71.66,2023-12-20,Patchy rain possible,11.2,17.4,4.7,0.33,0.0,69,10.0,16.6,06:11 AM,09:18 PM,2024-04-22 19:04
"Villa La Angostura, AR",-40.78,-71.66,2023-12-19,Patchy rain possible,7.5,11.3,5.6,0.36,0.0,68,10.0,18.4,06:10 AM,09:17 PM,2024-04-22 19:04
"Villa La Angostura, AR",-40.78,-71.66,2023-12-18,Sunny,8.1,16.3,0.3,0.0,0.0,56,10.0,16.6,06:10 AM,09:16 PM,2024-04-22 19:04
"Villa La Angostura, AR",-40.78,-71.66,2023-12-17,Patchy rain possible,5.9,10.9,2.6,1.54,0.0,70,9.3,25.6,06:10 AM,09:16 PM,2024-04-22 19:06
"Villa La Angostura, AR",-40.78,-71.66,2023-12-16,Patchy light drizzle,8.1,15.7,2.8,1.01,0.0,72,9.8,28.1,06:09 AM,09:15 PM,2024-04-22 19:04
"Villa La Angostura, AR",-40.78,-71.66,2023-12-15,Patchy rain possible,10.3,16.1,5.6,0.15,0.0,59,10.0,30.6,06:09 AM,09:14 PM,2024-04-22 19:04
"Villa La Angostura, AR",-40.78,-71.66,2023-12-14,Cloudy,10.4,16.6,3.9,0.01,0.0,52,10.0,32.8,06:09 AM,09:14 PM,2024-04-22 19:04
"Villa La Angostura, AR",-40.78,-71.66,2023-12-13,Sunny,10.8,18.5,3.1,0.0,0.0,52,10.0,22.7,06:09 AM,09:13 PM,2024-04-22 19:04
"Villa La Angostura, AR",-40.78,-71.66,2023-12-12,Patchy rain possible,9.1,15.5,4.2,0.24,0.0,64,10.0,18.7,06:09 AM,09:12 PM,2024-04-22 19:06
"Villa La Angostura, AR",-40.78,-71.66,2023-12-11,Patchy rain possible,11.9,17.0,8.1,0.74,0.0,68,10.0,27.0,06:09 AM,09:11 PM,2024-04-22 19:04
"Villa La Angostura, AR",-40.78,-71.66,2023-12-10,Overcast,13.2,22.1,5.3,0.0,0.0,54,10.0,18.7,06:08 AM,09:11 PM,2024-04-22 19:04
"Villa La Angostura, AR",-40.78,-71.66,2023-12-09,Partly cloudy,10.5,17.0,5.9,0.03,0.0,61,10.0,18.7,06:08 AM,09:10 PM,2024-04-22 19:06
"Villa La Angostura, AR",-40.78,-71.66,2023-12-08,Sunny,12.3,18.0,7.1,0.0,0.0,62,10.0,27.7,06:08 AM,09:09 PM,2024-04-22 19:04
"Villa La Angostura, AR",-40.78,-71.66,2023-12-07,Partly cloudy,12.8,20.4,6.1,0.0,0.0,59,10.0,13.3,06:08 AM,09:08 PM,2024-04-22 19:06
"Villa La Angostura, AR",-40.78,-71.66,2023-12-06,Sunny,11.8,18.8,5.7,0.03,0.0,65,10.0,20.5,06:09 AM,09:07 PM,2024-04-22 19:04
"Villa La Angostura, AR",-40.78,-71.66,2023-12-05,Sunny,13.4,20.1,8.1,0.0,0.0,52,10.0,19.8,06:09 AM,09:06 PM,2024-04-22 19:06
"Villa La Angostura, AR",-40.78,-71.66,2023-12-04,Cloudy,10.8,17.3,2.9,0.0,0.0,52,10.0,7.2,06:09 AM,09:05 PM,2024-04-22 19:04
"Villa La Angostura, AR",-40.78,-71.66,2023-12-03,Sunny,5.8,13.2,-2.6,0.0,0.0,58,10.0,15.1,06:09 AM,09:04 PM,2024-04-22 19:07
"Villa La Angostura, AR",-40.78,-71.66,2023-12-02,Patchy light snow,3.7,7.6,0.0,0.51,0.11,68,9.9,20.2,06:09 AM,09:03 PM,2024-04-22 19:04
"Villa La Angostura, AR",-40.78,-71.66,2023-12-01,Light rain shower,6.2,9.3,3.2,4.13,0.0,90,7.1,23.0,06:10 AM,09:02 PM,2024-04-22 19:04
"Villa La Angostura, AR",-40.78,-71.66,2023-11-30,Patchy rain possible,11.6,17.8,7.3,0.11,0.0,72,10.0,25.9,06:10 AM,09:01 PM,2024-04-22 19:05
"Villa La Angostura, AR",-40.78,-71.66,2023-11-29,Patchy rain possible,5.9,7.5,2.8,1.5,0.0,84,9.0,20.9,06:10 AM,09:00 PM,2024-04-22 19:05
"Villa La Angostura, AR",-40.78,-71.66,2023-11-28,Patchy rain possible,10.1,14.5,5.9,0.04,0.0,62,10.0,29.2,06:11 AM,08:59 PM,2024-04-22 19:05
"Villa La Angostura, AR",-40.78,-71.66,2023-11-27,Sunny,13.6,20.8,8.6,0.05,0.0,65,10.0,31.3,06:11 AM,08:58 PM,2024-04-22 19:07
"Villa La Angostura, AR",-40.78,-71.66,2023-11-26,Overcast,13.5,20.6,7.5,0.0,0.0,57,10.0,11.9,06:12 AM,08:57 PM,2024-04-22 19:07
"Villa La Angostura, AR",-40.78,-71.66,2023-11-25,Sunny,13.8,21.0,6.9,0.0,0.0,59,10.0,19.1,06:12 AM,08:55 PM,2024-04-22 19:05
"Villa La Angostura, AR",-40.78,-71.66,2023-11-24,Sunny,13.7,22.0,6.7,0.0,0.0,51,10.0,15.1,06:13 AM,08:54 PM,2024-04-22 19:05
"Villa La Angostura, AR",-40.78,-71.66,2023-11-23,Sunny,8.5,16.3,-0.2,0.0,0.0,64,10.0,11.2,06:13 AM,08:53 PM,2024-04-22 19:05
"Villa La Angostura, AR",-40.78,-71.66,2023-11-22,Patchy light snow,5.3,9.1,1.4,0.51,0.0,74,10.0,18.4,06:14 AM,08:52 PM,2024-04-22 19:07
"Villa La Angostura, AR",-40.78,-71.66,2023-11-21,Light sleet,5.3,8.9,2.5,1.89,0.0,83,9.9,28.1,06:15 AM,08:51 PM,2024-04-22 19:05
"Villa La Angostura, AR",-40.78,-71.66,2023-11-20,Light rain shower,4.8,7.2,2.5,17.34,0.0,87,9.2,28.8,06:15 AM,08:50 PM,2024-04-22 19:07
"Villa La Angostura, AR",-40.78,-71.66,2023-11-19,Light rain,4.1,5.5,2.0,12.73,0.0,97,7.0,21.6,06:16 AM,08:48 PM,2024-04-22 19:07
"Villa La Angostura, AR",-40.78,-71.66,2023-11-18,Moderate or heavy snow showers,2.1,4.8,-0.1,5.19,1.17,90,4.4,33.1,06:17 AM,08:47 PM,2024-04-22 19:07
"Villa La Angostura, AR",-40.78,-71.66,2023-11-17,Moderate or heavy snow showers,2.2,3.3,-0.3,20.99,5.66,90,5.4,34.9,06:17 AM,08:46 PM,2024-04-22 19:05
"Villa La Angostura, AR",-40.78,-71.66,2023-11-16,Moderate snow,3.1,4.5,1.5,42.52,0.66,95,7.5,27.4,06:18 AM,08:45 PM,2024-04-22 19:05
"Villa La Angostura, AR",-40.78,-71.66,2023-11-15,Light sleet showers,2.1,4.6,0.2,3.22,1.97,87,7.5,26.3,06:19 AM,08:44 PM,2024-04-22 19:05
"Villa La Angostura, AR",-40.78,-71.66,2023-11-14,Light snow showers,2.0,5.3,-0.9,0.39,0.05,74,10.0,20.9,06:20 AM,08:42 PM,2024-04-22 19:05
"Villa La Angostura, AR",-40.78,-71.66,2023-11-13,Light sleet showers,2.1,6.0,-1.0,1.85,0.0,87,9.5,27.7,06:21 AM,08:41 PM,2024-04-22 19:05
"Villa La Angostura, AR",-40.78,-71.66,2023-11-12,Light snow showers,1.2,5.5,-3.3,0.53,0.22,74,10.0,21.2,06:22 AM,08:40 PM,2024-04-22 19:05
"Villa La Angostura, AR",-40.78,-71.66,2023-11-11,Moderate or heavy snow showers,2.3,4.7,-2.8,16.07,4.77,83,7.9,33.8,06:23 AM,08:39 PM,2024-04-22 19:05
"Villa La Angostura, AR",-40.78,-71.66,2023-11-10,Sunny,8.4,13.9,3.7,0.05,0.0,61,10.0,29.5,06:24 AM,08:37 PM,2024-04-22 19:05
"Villa La Angostura, AR",-40.78,-71.66,2023-11-09,Sunny,7.6,15.7,0.5,0.0,0.0,69,10.0,10.8,06:25 AM,08:36 PM,2024-04-22 19:05
"Villa La Angostura, AR",-40.78,-71.66,2023-11-08,Moderate snow,5.0,10.0,1.1,0.99,0.76,84,8.8,17.3,06:26 AM,08:35 PM,2024-04-22 19:07
"Villa La Angostura, AR",-40.78,-71.66,2023-11-07,Moderate or heavy snow with thunder,4.2,5.3,2.4,7.28,0.52,92,8.8,25.9,06:27 AM,08:34 PM,2024-04-22 19:07
"Villa La Angostura, AR",-40.78,-71.66,2023-11-06,Light rain,6.7,9.6,4.5,8.95,0.0,88,8.5,13.7,06:28 AM,08:33 PM,2024-04-22 19:05
"Villa La Angostura, AR",-40.78,-71.66,2023-11-05,Light rain shower,6.8,8.0,5.1,6.53,0.0,89,5.1,18.4,06:29 AM,08:31 PM,2024-04-22 19:08
"Villa La Angostura, AR",-40.78,-71.66,2023-11-04,Patchy rain possible,9.4,16.2,3.2,0.86,0.0,70,9.3,22.3,06:30 AM,08:30 PM,2024-04-22 19:08
"Villa La Angostura, AR",-40.78,-71.66,2023-11-03,Patchy rain possible,6.2,11.6,1.4,0.03,0.0,70,10.0,16.6,06:32 AM,08:29 PM,2024-04-22 19:05
"Villa La Angostura, AR",-40.78,-71.66,2023-11-02,Patchy rain possible,4.7,10.1,-0.4,0.54,0.0,83,10.0,17.6,06:33 AM,08:28 PM,2024-04-22 19:05
"Villa La Angostura, AR",-40.78,-71.66,2023-11-01,Moderate or heavy snow showers,1.3,4.1,-1.2,5.13,3.85,94,6.0,18.7,06:34 AM,08:27 PM,2024-04-22 19:05
"Villa La Angostura, AR",-40.78,-71.66,2023-10-31,Patchy rain possible,-0.5,6.5,-7.2,1.26,0.12,84,9.8,8.3,06:35 AM,08:25 PM,2024-04-22 19:05
"Villa La Angostura, AR",-40.78,-71.66,2023-10-30,Moderate or heavy snow showers,-0.7,2.7,-5.5,10.22,8.31,86,7.2,22.3,06:37 AM,08:24 PM,2024-04-22 19:07
"Villa La Angostura, AR",-40.78,-71.66,2023-10-29,Moderate or heavy snow with thunder,-0.5,1.7,-2.5,18.65,10.19,86,4.0,34.2,06:38 AM,08:23 PM,2024-04-22 19:06
"Villa La Angostura, AR",-40.78,-71.66,2023-10-28,Moderate or heavy rain with thunder,2.5,4.6,-0.9,70.39,1.52,94,4.4,40.3,06:39 AM,08:22 PM,2024-04-22 19:06
"Villa La Angostura, AR",-40.78,-71.66,2023-10-27,Light rain,4.8,6.1,3.3,17.82,0.0,89,7.9,38.9,06:41 AM,08:21 PM,2024-04-22 19:08
"Villa La Angostura, AR",-40.78,-71.66,2023-10-26,Partly cloudy,7.1,12.3,2.3,0.0,0.0,71,10.0,20.2,06:42 AM,08:19 PM,2024-04-22 19:06
"Villa La Angostura, AR",-40.78,-71.66,2023-10-25,Sunny,9.5,17.0,2.8,0.0,0.0,57,10.0,16.9,06:43 AM,08:18 PM,2024-04-22 19:06
"Villa La Angostura, AR",-40.78,-71.66,2023-10-24,Sunny,9.7,16.7,3.3,0.0,0.0,60,10.0,15.8,06:45 AM,08:17 PM,2024-04-22 19:06
"Villa La Angostura, AR",-40.78,-71.66,2023-10-23,Patchy rain possible,9.8,16.2,5.1,0.21,0.0,65,10.0,19.4,06:46 AM,08:16 PM,2024-04-22 19:06
"Villa La Angostura, AR",-40.78,-71.66,2023-10-22,Patchy rain possible,10.3,17.0,4.4,0.29,0.0,64,10.0,9.0,06:48 AM,08:15 PM,2024-04-22 19:08
"Villa La Angostura, AR",-40.78,-71.66,2023-10-21,Partly cloudy,9.6,16.0,3.9,0.0,0.0,64,10.0,13.3,06:49 AM,08:14 PM,2024-04-22 19:06
"Villa La Angostura, AR",-40.78,-71.66,2023-10-20,Overcast,10.8,17.0,5.3,0.0,0.0,58,10.0,14.8,06:51 AM,08:13 PM,2024-04-22 19:06
"Villa La Angostura, AR",-40.78,-71.66,2023-10-19,Overcast,10.9,16.6,6.2,0.0,0.0,61,10.0,14.4,06:52 AM,08:11 PM,2024-04-22 19:06
"Villa La Angostura, AR",-40.78,-71.66,2023-10-18,Sunny,11.9,19.4,6.3,0.0,0.0,50,10.0,23.0,06:54 AM,08:10 PM,2024-04-22 19:06
"Villa La Angostura, AR",-40.78,-71.66,2023-10-17,Sunny,9.7,17.7,2.3,0.0,0.0,53,10.0,7.9,06:55 AM,08:09 PM,2024-04-22 19:08
"Villa La Angostura, AR",-40.78,-71.66,2023-10-16,Partly cloudy,4.4,10.6,-1.4,0.0,0.0,67,10.0,12.6,06:57 AM,08:08 PM,2024-04-22 19:06
"Villa La Angostura, AR",-40.78,-71.66,2023-10-15,Partly cloudy,5.1,11.2,-0.5,0.01,0.0,68,10.0,20.5,06:58 AM,08:07 PM,2024-04-22 19:08
"Villa La Angostura, AR",-40.78,-71.66,2023-10-14,Partly cloudy,6.8,14.2,1.1,0.0,0.0,69,10.0,15.5,07:00 AM,08:06 PM,2024-04-22 19:06
"Villa La Angostura, AR",-40.78,-71.66,2023-10-13,Sunny,7.5,14.8,1.9,0.0,0.0,68,10.0,12.2,07:02 AM,08:05 PM,2024-04-22 19:06
"Villa La Angostura, AR",-40.78,-71.66,2023-10-12,Sunny,5.9,13.3,-0.5,0.0,0.0,68,10.0,11.2,07:03 AM,08:04 PM,2024-04-22 19:06
"Villa La Angostura, AR",-40.78,-71.66,2023-10-11,Sunny,5.0,12.4,-1.1,0.0,0.0,65,10.0,9.0,07:05 AM,08:03 PM,2024-04-22 19:08
"Villa La Angostura, AR",-40.78,-71.66,2023-10-10,Moderate or heavy snow showers,3.3,6.1,-1.0,1.07,0.36,77,9.5,20.2,07:06 AM,08:02 PM,2024-04-22 19:08
"Villa La Angostura, AR",-40.78,-71.66,2023-10-09,Light snow showers,4.8,8.0,3.0,1.0,0.06,83,10.0,24.1,07:08 AM,08:01 PM,2024-04-22 19:06
"Villa La Angostura, AR",-40.78,-71.66,2023-10-08,Patchy rain possible,3.6,5.7,1.5,0.34,0.0,86,10.0,28.1,07:10 AM,08:00 PM,2024-04-22 19:08
"Villa La Angostura, AR",-40.78,-71.66,2023-10-07,Light freezing rain,2.3,5.6,-0.4,0.12,0.0,80,10.0,21.2,07:11 AM,07:59 PM,2024-04-22 19:06
"Villa La Angostura, AR",-40.78,-71.66,2023-10-06,Heavy snow,2.8,5.0,0.4,4.16,3.37,80,8.4,26.3,07:13 AM,07:58 PM,2024-04-22 19:06
"Villa La Angostura, AR",-40.78,-71.66,2023-10-05,Patchy rain possible,3.3,7.2,0.5,0.38,0.2,78,9.7,26.6,07:15 AM,07:57 PM,2024-04-22 19:06
"Villa La Angostura, AR",-40.78,-71.66,2023-10-04,Sunny,5.2,10.7,0.3,0.0,0.0,70,10.0,18.0,07:16 AM,07:56 PM,2024-04-22 19:06
"Villa La Angostura, AR",-40.78,-71.66,2023-10-03,Patchy rain possible,4.6,10.9,-0.5,0.06,0.0,69,10.0,16.9,07:18 AM,07:55 PM,2024-04-22 19:08
"Villa La Angostura, AR",-40.78,-71.66,2023-10-02,Patchy rain possible,4.1,6.5,1.8,0.46,0.0,81,10.0,16.6,07:20 AM,07:53 PM,2024-04-22 19:07
"Villa La Angostura, AR",-40.78,-71.66,2023-10-01,Partly cloudy,7.0,11.7,3.9,0.04,0.0,69,10.0,20.9,07:21 AM,07:52 PM,2024-04-22 19:08
"Villa La Angostura, AR",-40.78,-71.66,2023-09-30,Overcast,6.4,13.7,0.2,0.0,0.0,69,10.0,11.5,07:23 AM,07:51 PM,2024-04-22 19:07
"Villa La Angostura, AR",-40.78,-71.66,2023-09-29,Sunny,4.6,11.4,-0.8,0.0,0.0,68,10.0,7.2,07:25 AM,07:50 PM,2024-04-22 19:07
"Villa La Angostura, AR",-40.78,-71.66,2023-09-28,Moderate or heavy snow showers,1.3,4.9,-1.8,2.27,1.81,82,8.6,18.7,07:26 AM,07:49 PM,2024-04-22 19:07
"Villa La Angostura, AR",-40.78,-71.66,2023-09-27,Heavy snow,1.8,3.9,-0.6,9.11,4.58,91,7.3,22.0,07:28 AM,07:48 PM,2024-04-22 19:07
"Villa La Angostura, AR",-40.78,-71.66,2023-09-26,Light snow,1.0,3.9,-2.4,0.16,0.02,79,10.0,20.9,07:30 AM,07:47 PM,2024-04-22 19:09
"Villa La Angostura, AR",-40.78,-71.66,2023-09-25,Patchy rain possible,1.5,7.7,-3.6,0.01,0.0,72,10.0,14.8,07:31 AM,07:46 PM,2024-04-22 19:09
"Villa La Angostura, AR",-40.78,-71.66,2023-09-24,Light snow showers,1.4,5.4,-1.5,0.6,0.35,85,9.3,13.3,07:33 AM,07:45 PM,2024-04-22 19:07
"Villa La Angostura, AR",-40.78,-71.66,2023-09-23,Light freezing rain,1.1,4.4,-1.5,0.22,0.11,82,10.0,16.9,07:35 AM,07:44 PM,2024-04-22 19:07
"Villa La Angostura, AR",-40.78,-71.66,2023-09-22,Heavy snow,2.5,4.5,0.8,10.67,5.42,97,4.7,15.1,07:36 AM,07:44 PM,2024-04-22 19:09
"Villa La Angostura, AR",-40.78,-71.66,2023-09-21,Moderate or heavy snow showers,1.3,3.7,0.1,21.94,14.72,98,4.5,8.6,07:38 AM,07:43 PM,2024-04-22 19:07
"Villa La Angostura, AR",-40.78,-71.66,2023-09-20,Patchy light snow,2.2,7.0,-1.2,1.91,0.0,82,9.7,13.3,07:40 AM,07:42 PM,2024-04-22 19:09
"Villa La Angostura, AR",-40.78,-71.66,2023-09-19,Partly cloudy,-0.4,6.6,-5.0,0.02,0.0,72,10.0,7.9,07:42 AM,07:41 PM,2024-04-22 19:07
"Villa La Angostura, AR",-40.78,-71.66,2023-09-18,Overcast,-1.7,4.1,-5.6,0.0,0.0,78,10.0,9.7,07:43 AM,07:40 PM,2024-04-22 19:07
"Villa La Angostura, AR",-40.78,-71.66,2023-09-17,Moderate or heavy snow showers,-0.9,2.7,-4.9,3.7,2.98,80,8.3,18.0,07:45 AM,07:39 PM,2024-04-22 19:09
"Villa La Angostura, AR",-40.78,-71.66,2023-09-16,Moderate or heavy snow showers,0.5,2.6,-1.5,19.3,15.73,88,4.8,29.5,07:47 AM,07:38 PM,2024-04-22 19:07
"Villa La Angostura, AR",-40.78,-71.66,2023-09-15,Moderate or heavy sleet,3.9,6.8,0.3,100.8,3.06,96,7.5,29.5,07:48 AM,07:37 PM,2024-04-22 19:07
"Villa La Angostura, AR",-40.78,-71.66,2023-09-14,Moderate rain,3.6,6.7,1.4,39.6,15.3,96,7.6,31.0,07:50 AM,07:36 PM,2024-04-22 19:07
"Villa La Angostura, AR",-40.78,-71.66,2023-09-13,Overcast,2.3,4.3,0.9,0.0,0.0,90,9.7,20.9,07:52 AM,07:35 PM,2024-04-22 19:07
"Villa La Angostura, AR",-40.78,-71.66,2023-09-12,Overcast,2.1,3.8,0.3,0.0,0.0,88,10.0,18.4,07:53 AM,07:34 PM,2024-04-22 19:07
"Villa La Angostura, AR",-40.78,-71.66,2023-09-11,Moderate or heavy snow showers,1.1,3.5,-1.7,5.4,4.59,87,8.5,25.6,07:55 AM,07:33 PM,2024-04-22 19:07
"Villa La Angostura, AR",-40.78,-71.66,2023-09-10,Heavy snow,0.9,4.0,-2.6,12.0,9.69,92,7.3,19.4,07:56 AM,07:32 PM,2024-04-22 19:07
"Villa La Angostura, AR",-40.78,-71.66,2023-09-09,Heavy snow,1.3,3.9,-0.6,39.5,20.91,95,7.8,19.8,07:58 AM,07:31 PM,2024-04-22 19:09
"Villa La Angostura, AR",-40.78,-71.66,2023-09-08,Moderate or heavy snow showers,1.4,3.5,0.0,2.3,1.62,94,7.1,13.3,08:00 AM,07:30 PM,2024-04-22 19:09
"Villa La Angostura, AR",-40.78,-71.66,2023-09-07,Light sleet showers,1.1,2.8,0.1,16.3,13.26,95,4.9,14.4,08:01 AM,07:29 PM,2024-04-22 19:07
"Villa La Angostura, AR",-40.78,-71.66,2023-09-06,Light sleet showers,1.5,3.6,-0.4,43.6,28.82,94,6.5,14.8,08:03 AM,07:28 PM,2024-04-22 19:07
"Villa La Angostura, AR",-40.78,-71.66,2023-09-05,Heavy snow,-0.0,3.2,-2.2,11.3,9.35,89,6.8,11.5,08:05 AM,07:27 PM,2024-04-22 19:07
"Villa La Angostura, AR",-40.78,-71.66,2023-09-04,Patchy moderate snow,-1.5,2.8,-5.3,2.3,1.87,82,8.8,7.2,08:06 AM,07:26 PM,2024-04-22 19:07
"Villa La Angostura, AR",-40.78,-71.66,2023-09-03,Light snow showers,-2.2,1.9,-5.3,0.4,0.17,79,10.0,11.2,08:08 AM,07:25 PM,2024-04-22 19:07
"Villa La Angostura, AR",-40.78,-71.66,2023-09-02,Moderate or heavy snow showers,-1.2,2.5,-4.1,0.5,0.34,85,9.9,23.0,08:09 AM,07:24 PM,2024-04-22 19:07
"Villa La Angostura, AR",-40.78,-71.66,2023-09-01,Moderate or heavy snow showers,1.5,2.9,-2.4,15.9,7.06,88,7.7,30.6,08:11 AM,07:23 PM,2024-04-22 19:10
"Villa La Angostura, AR",-40.78,-71.66,2023-08-31,Light snow showers,0.6,2.8,-0.7,9.4,7.99,90,8.1,20.9,08:13 AM,07:22 PM,2024-04-22 19:08
"Villa La Angostura, AR",-40.78,-71.66,2023-08-30,Moderate or heavy snow showers,1.2,2.4,-0.5,27.3,22.7,86,6.7,29.9,08:14 AM,07:21 PM,2024-04-22 19:08
"Villa La Angostura, AR",-40.78,-71.66,2023-08-29,Patchy heavy snow,0.8,5.1,-2.4,8.0,6.8,82,8.7,25.6,08:16 AM,07:20 PM,2024-04-22 19:08
"Villa La Angostura, AR",-40.78,-71.66,2023-08-28,Light snow showers,2.3,3.7,-1.7,17.1,6.38,87,8.1,22.7,08:17 AM,07:19 PM,2024-04-22 19:08
"Villa La Angostura, AR",-40.78,-71.66,2023-08-27,Light drizzle,2.3,6.6,-1.0,0.7,0.0,78,8.8,17.6,08:19 AM,07:18 PM,2024-04-22 19:08
"Villa La Angostura, AR",-40.78,-71.66,2023-08-26,Sunny,-0.3,5.6,-5.0,0.0,0.0,74,10.0,11.9,08:20 AM,07:17 PM,2024-04-22 19:08
"Villa La Angostura, AR",-40.78,-71.66,2023-08-25,Partly cloudy,-2.0,2.7,-5.6,0.0,0.0,79,10.0,15.5,08:22 AM,07:16 PM,2024-04-22 19:08
"Villa La Angostura, AR",-40.78,-71.66,2023-08-24,Cloudy,-1.1,2.6,-3.9,0.0,0.0,83,10.0,14.4,08:23 AM,07:15 PM,2024-04-22 19:08
"Villa La Angostura, AR",-40.78,-71.66,2023-08-23,Patchy moderate snow,-0.7,2.0,-2.6,7.2,4.17,84,9.6,15.5,08:25 AM,07:14 PM,2024-04-22 19:10
"Villa La Angostura, AR",-40.78,-71.66,2023-08-22,Patchy moderate snow,0.8,2.7,-0.4,14.35,9.65,88,5.4,17.2,08:26 AM,07:13 PM,2024-04-22 19:08
"Villa La Angostura, AR",-40.78,-71.66,2023-08-21,Moderate or heavy snow showers,1.6,2.6,-0.2,43.6,7.1,91,5.7,18.4,08:28 AM,07:12 PM,2024-04-22 19:08
"Villa La Angostura, AR",-40.78,-71.66,2023-08-20,Moderate or heavy rain shower,1.5,3.8,-1.1,42.65,13.22,97,3.9,10.1,08:29 AM,07:11 PM,2024-04-22 19:08
"Villa La Angostura, AR",-40.78,-71.66,2023-08-19,Moderate or heavy rain shower,-0.3,2.1,-2.9,26.1,14.96,93,5.5,11.2,08:31 AM,07:10 PM,2024-04-22 19:08
"Villa La Angostura, AR",-40.78,-71.66,2023-08-18,Light freezing rain,-1.3,2.1,-3.9,2.0,0.0,81,9.6,16.2,08:32 AM,07:09 PM,2024-04-22 19:10
"Villa La Angostura, AR",-40.78,-71.66,2023-08-17,Patchy moderate snow,0.5,2.1,-2.5,14.9,7.4,93,5.4,15.1,08:33 AM,07:08 PM,2024-04-22 19:08
"Villa La Angostura, AR",-40.78,-71.66,2023-08-16,Moderate or heavy rain shower,1.9,3.5,0.8,14.95,1.45,97,4.8,9.7,08:35 AM,07:07 PM,2024-04-22 19:10
"Villa La Angostura, AR",-40.78,-71.66,2023-08-15,Moderate or heavy rain shower,2.8,4.6,1.6,54.0,0.0,95,7.6,13.3,08:36 AM,07:07 PM,2024-04-22 19:08
"Villa La Angostura, AR",-40.78,-71.66,2023-08-14,Heavy rain at times,5.6,7.3,3.8,27.05,0.0,96,9.0,14.2,08:38 AM,07:06 PM,2024-04-22 19:10
"Villa La Angostura, AR",-40.78,-71.66,2023-08-13,Moderate or heavy rain shower,3.1,4.8,0.1,27.85,0.0,87,9.4,14.3,08:39 AM,07:05 PM,2024-04-22 19:10
"Villa La Angostura, AR",-40.78,-71.66,2023-08-12,Moderate rain at times,-0.1,5.4,-4.3,6.5,1.53,72,10.0,12.8,08:40 AM,07:04 PM,2024-04-22 19:10
"Villa La Angostura, AR",-40.78,-71.66,2023-08-11,Patchy moderate snow,-0.6,2.4,-2.9,5.9,2.64,77,9.8,18.7,08:42 AM,07:03 PM,2024-04-22 19:10
"Villa La Angostura, AR",-40.78,-71.66,2023-08-10,Moderate or heavy rain shower,2.4,4.5,-0.4,21.35,3.19,94,7.5,18.2,08:43 AM,07:02 PM,2024-04-22 19:08
"Villa La Angostura, AR",-40.78,-71.66,2023-08-09,Moderate or heavy rain shower,4.8,8.6,1.8,21.45,0.0,91,7.4,13.7,08:44 AM,07:01 PM,2024-04-22 19:10
"Villa La Angostura, AR",-40.78,-71.66,2023-08-08,Moderate rain at times,4.5,7.9,0.3,5.9,0.0,73,10.0,11.9,08:45 AM,07:00 PM,2024-04-22 19:08
"Villa La Angostura, AR",-40.78,-71.66,2023-08-07,Sunny,0.6,3.0,-1.7,0.0,0.0,79,10.0,12.2,08:46 AM,06:59 PM,2024-04-22 19:08
"Villa La Angostura, AR",-40.78,-71.66,2023-08-06,Partly cloudy,1.9,6.8,-0.7,0.0,0.0,76,10.0,11.9,08:48 AM,06:58 PM,2024-04-22 19:08
"Villa La Angostura, AR",-40.78,-71.66,2023-08-05,Overcast,2.5,7.4,-0.5,0.0,0.0,74,10.0,10.1,08:49 AM,06:57 PM,2024-04-22 19:11
"Villa La Angostura, AR",-40.78,-71.66,2023-08-04,Sunny,0.2,6.3,-3.5,0.0,0.0,76,10.0,10.8,08:50 AM,06:56 PM,2024-04-22 19:11
"Villa La Angostura, AR",-40.78,-71.66,2023-08-03,Sunny,-2.0,2.6,-5.1,0.0,0.0,74,10.0,12.6,08:51 AM,06:55 PM,2024-04-22 19:11
"Villa La Angostura, AR",-40.78,-71.66,2023-08-02,Patchy moderate snow,0.4,1.8,-2.9,6.5,0.51,80,9.2,16.4,08:52 AM,06:54 PM,2024-04-22 19:09
"Villa La Angostura, AR",-40.78,-71.66,2023-08-01,Moderate rain at times,2.4,4.9,0.7,13.3,0.43,89,8.4,23.6,08:53 AM,06:53 PM,2024-04-22 19:09
"Villa La Angostura, AR",-40.78,-71.66,2023-07-31,Moderate or heavy rain shower,5.2,9.2,2.5,15.5,0.0,85,9.1,25.1,08:54 AM,06:52 PM,2024-04-22 19:09
"Villa La Angostura, AR",-40.78,-71.66,2023-07-30,Patchy rain possible,4.8,6.9,3.8,6.2,0.0,87,9.8,13.0,08:55 AM,06:51 PM,2024-04-22 19:11
"Villa La Angostura, AR",-40.78,-71.66,2023-07-29,Moderate or heavy rain shower,5.4,6.4,3.3,39.08,0.0,94,7.9,14.4,08:56 AM,06:50 PM,2024-04-22 19:09
"Villa La Angostura, AR",-40.78,-71.66,2023-07-28,Cloudy,4.3,6.7,2.1,1.1,0.0,90,9.3,15.5,08:57 AM,06:49 PM,2024-04-22 19:09
"Villa La Angostura, AR",-40.78,-71.66,2023-07-27,Light freezing rain,1.4,3.2,-0.1,3.0,1.62,96,5.4,11.2,08:58 AM,06:48 PM,2024-04-22 19:11
"Villa La Angostura, AR",-40.78,-71.66,2023-07-26,Light freezing rain,0.9,2.2,-0.2,0.7,0.0,90,10.0,11.5,08:59 AM,06:47 PM,2024-04-22 19:09
"Villa La Angostura, AR",-40.78,-71.66,2023-07-25,Moderate or heavy snow showers,0.8,1.9,0.1,26.58,8.59,96,3.8,13.7,09:00 AM,06:47 PM,2024-04-22 19:09
"Villa La Angostura, AR",-40.78,-71.66,2023-07-24,Patchy moderate snow,-1.7,0.7,-3.3,11.05,8.03,90,7.1,9.0,09:01 AM,06:46 PM,2024-04-22 19:09
"Villa La Angostura, AR",-40.78,-71.66,2023-07-23,Overcast,-2.6,-0.1,-5.7,0.0,0.0,84,9.8,12.6,09:02 AM,06:45 PM,2024-04-22 19:10
"Villa La Angostura, AR",-40.78,-71.66,2023-07-22,Patchy moderate snow,0.9,2.7,-1.8,6.8,0.51,95,4.3,14.8,09:03 AM,06:44 PM,2024-04-22 19:11
"Villa La Angostura, AR",-40.78,-71.66,2023-07-21,Moderate or heavy snow showers,2.2,3.6,0.8,32.1,6.97,98,5.5,14.0,09:03 AM,06:43 PM,2024-04-22 19:09
"Villa La Angostura, AR",-40.78,-71.66,2023-07-20,Moderate or heavy rain shower,3.6,4.4,3.0,32.23,0.0,96,4.9,11.9,09:04 AM,06:42 PM,2024-04-22 19:09
"Villa La Angostura, AR",-40.78,-71.66,2023-07-19,Moderate or heavy rain shower,3.5,4.9,0.9,20.88,2.38,97,5.7,11.5,09:05 AM,06:41 PM,2024-04-22 19:11
"Villa La Angostura, AR",-40.78,-71.66,2023-07-18,Patchy moderate snow,-1.3,3.0,-5.5,11.6,1.45,82,9.6,9.7,09:05 AM,06:41 PM,2024-04-22 19:09
"Villa La Angostura, AR",-40.78,-71.66,2023-07-17,Cloudy,-3.6,-0.9,-5.8,0.0,0.0,82,10.0,9.0,09:06 AM,06:40 PM,2024-04-22 19:09
"Villa La Angostura, AR",-40.78,-71.66,2023-07-16,Overcast,-2.5,-0.7,-5.4,0.1,0.0,82,10.0,13.3,09:07 AM,06:39 PM,2024-04-22 19:09
"Villa La Angostura, AR",-40.78,-71.66,2023-07-15,Light freezing rain,-0.5,2.4,-2.6,2.9,0.43,81,10.0,15.1,09:07 AM,06:38 PM,2024-04-22 19:09
"Villa La Angostura, AR",-40.78,-71.66,2023-07-14,Patchy moderate snow,0.1,2.1,-1.3,11.0,5.36,87,7.4,16.2,09:08 AM,06:37 PM,2024-04-22 19:09
"Villa La Angostura, AR",-40.78,-71.66,2023-07-13,Partly cloudy,-0.2,2.0,-2.1,2.3,0.94,85,10.0,11.2,09:08 AM,06:37 PM,2024-04-22 19:09
"Villa La Angostura, AR",-40.78,-71.66,2023-07-12,Overcast,-1.0,1.0,-3.6,0.6,0.0,89,7.8,13.0,09:09 AM,06:36 PM,2024-04-22 19:09
"Villa La Angostura, AR",-40.78,-71.66,2023-07-11,Light freezing rain,-1.5,0.4,-3.7,2.3,0.0,91,8.2,9.7,09:09 AM,06:35 PM,2024-04-22 19:09
"Villa La Angostura, AR",-40.78,-71.66,2023-07-10,Partly cloudy,-2.3,0.5,-4.7,0.0,0.0,85,10.0,8.6,09:10 AM,06:35 PM,2024-04-22 19:09
"Villa La Angostura, AR",-40.78,-71.66,2023-07-09,Light freezing rain,-0.3,0.7,-1.5,2.9,0.0,87,8.6,13.0,09:10 AM,06:34 PM,2024-04-22 19:09
"Villa La Angostura, AR",-40.78,-71.66,2023-07-08,Moderate snow,0.0,2.1,-1.3,14.0,7.23,95,4.0,14.0,09:10 AM,06:33 PM,2024-04-22 19:09
"Villa La Angostura, AR",-40.78,-71.66,2023-07-07,Light freezing rain,-0.8,0.8,-2.5,1.4,0.0,87,9.6,9.7,09:11 AM,06:33 PM,2024-04-22 19:09
"Villa La Angostura, AR",-40.78,-71.66,2023-07-06,Light freezing rain,0.1,1.7,-2.3,4.2,0.0,87,8.8,13.3,09:11 AM,06:32 PM,2024-04-22 19:09
"Villa La Angostura, AR",-40.78,-71.66,2023-07-05,Moderate or heavy snow showers,1.1,2.3,-0.4,28.3,11.39,88,7.2,15.7,09:11 AM,06:31 PM,2024-04-22 19:09
"Villa La Angostura, AR",-40.78,-71.66,2023-07-04,Moderate or heavy snow showers,0.9,2.2,-0.5,48.2,20.32,95,4.8,16.2,09:11 AM,06:31 PM,2024-04-22 19:10
"Villa La Angostura, AR",-40.78,-71.66,2023-07-03,Moderate or heavy rain shower,2.5,3.7,1.9,55.03,0.0,95,5.8,15.9,09:12 AM,06:30 PM,2024-04-22 19:12
"Villa La Angostura, AR",-40.78,-71.66,2023-07-02,Moderate or heavy rain shower,2.9,7.5,1.3,22.5,0.0,89,8.8,16.3,09:12 AM,06:30 PM,2024-04-22 19:10
"Villa La Angostura, AR",-40.78,-71.66,2023-07-01,Cloudy,4.4,7.4,1.6,2.2,0.0,91,8.3,15.1,09:12 AM,06:29 PM,2024-04-22 19:12
"Villa La Angostura, AR",-40.78,-71.66,2023-06-30,Moderate or heavy rain shower,2.0,6.1,-0.4,10.3,0.6,86,8.9,9.7,09:12 AM,06:29 PM,2024-04-22 19:12
"Villa La Angostura, AR",-40.78,-71.66,2023-06-29,Light freezing rain,1.0,3.4,-1.1,1.1,0.0,88,8.9,12.2,09:12 AM,06:28 PM,2024-04-22 19:12
"Villa La Angostura, AR",-40.78,-71.66,2023-06-28,Cloudy,0.1,1.8,-1.9,0.8,0.0,86,9.8,11.4,09:12 AM,06:28 PM,2024-04-22 19:10
"Villa La Angostura, AR",-40.78,-71.66,2023-06-27,Moderate snow,0.8,2.2,0.1,20.95,10.84,90,5.6,14.3,09:12 AM,06:27 PM,2024-04-22 19:11
"Villa La Angostura, AR",-40.78,-71.66,2023-06-26,Moderate or heavy snow showers,1.4,2.5,0.2,28.85,11.48,94,4.9,15.3,09:12 AM,06:27 PM,2024-04-22 19:12
"Villa La Angostura, AR",-40.78,-71.66,2023-06-25,Moderate or heavy snow showers,1.6,4.2,-0.8,54.9,21.72,92,5.8,17.3,09:12 AM,06:27 PM,2024-04-22 19:10
"Villa La Angostura, AR",-40.78,-71.66,2023-06-24,Moderate or heavy rain shower,2.2,3.3,1.0,15.4,0.0,97,6.2,13.0,09:12 AM,06:26 PM,2024-04-22 19:10
"Villa La Angostura, AR",-40.78,-71.66,2023-06-23,Moderate or heavy snow showers,2.6,5.2,0.6,55.1,10.07,97,5.8,11.1,09:12 AM,06:26 PM,2024-04-22 19:12
"Villa La Angostura, AR",-40.78,-71.66,2023-06-22,Moderate or heavy rain shower,5.1,6.0,4.1,65.65,0.0,93,7.5,18.7,09:11 AM,06:26 PM,2024-04-22 19:12
"Villa La Angostura, AR",-40.78,-71.66,2023-06-21,Moderate rain at times,3.9,5.4,1.2,15.0,0.0,94,7.7,12.6,09:11 AM,06:26 PM,2024-04-22 19:10
"Villa La Angostura, AR",-40.78,-71.66,2023-06-20,Light freezing rain,-0.7,0.8,-2.2,3.3,0.0,89,6.3,12.6,09:11 AM,06:25 PM,2024-04-22 19:12
"Villa La Angostura, AR",-40.78,-71.66,2023-06-19,Overcast,-0.9,0.7,-2.3,0.0,0.0,82,9.6,16.6,09:11 AM,06:25 PM,2024-04-22 19:12
"Villa La Angostura, AR",-40.78,-71.66,2023-06-18,Overcast,3.3,8.7,0.1,0.0,0.0,64,10.0,13.5,09:10 AM,06:25 PM,2024-04-22 19:10
"Villa La Angostura, AR",-40.78,-71.66,2023-06-17,Partly cloudy,0.8,4.8,-2.0,0.0,0.0,81,10.0,8.3,09:10 AM,06:25 PM,2024-04-22 19:12
"Villa La Angostura, AR",-40.78,-71.66,2023-06-16,Cloudy,1.5,4.1,-1.1,0.0,0.0,86,9.3,10.8,09:10 AM,06:25 PM,2024-04-22 19:10
"Villa La Angostura, AR",-40.78,-71.66,2023-06-15,Patchy rain possible,3.7,5.5,2.4,2.5,0.0,97,1.4,9.4,09:09 AM,06:25 PM,2024-04-22 19:10
"Villa La Angostura, AR",-40.78,-71.66,2023-06-14,Patchy rain possible,4.4,5.2,2.9,0.8,0.0,79,7.7,11.9,09:09 AM,06:25 PM,2024-04-22 19:10
"Villa La Angostura, AR",-40.78,-71.66,2023-06-13,Overcast,2.2,7.6,-2.2,0.0,0.0,71,10.0,9.0,09:09 AM,06:25 PM,2024-04-22 19:10
"Villa La Angostura, AR",-40.78,-71.66,2023-06-12,Sunny,-1.6,2.5,-4.1,0.0,0.0,84,10.0,5.4,09:08 AM,06:25 PM,2024-04-22 19:10
"Villa La Angostura, AR",-40.78,-71.66,2023-06-11,Cloudy,-2.8,-0.9,-5.1,0.0,0.0,87,10.0,12.6,09:08 AM,06:25 PM,2024-04-22 19:10
"Villa La Angostura, AR",-40.78,-71.66,2023-06-10,Light freezing rain,-1.3,1.1,-2.9,2.6,0.68,84,9.6,15.5,09:07 AM,06:25 PM,2024-04-22 19:11
"Villa La Angostura, AR",-40.78,-71.66,2023-06-09,Moderate or heavy snow showers,-0.6,1.8,-2.2,31.05,19.59,84,7.3,17.6,09:06 AM,06:25 PM,2024-04-22 19:10
"Villa La Angostura, AR",-40.78,-71.66,2023-06-08,Moderate or heavy rain shower,5.5,8.9,1.1,104.85,0.0,92,6.4,26.9,09:06 AM,06:25 PM,2024-04-22 19:10
"Villa La Angostura, AR",-40.78,-71.66,2023-06-07,Light freezing rain,2.0,4.7,-0.9,7.2,0.0,89,9.0,14.0,09:05 AM,06:25 PM,2024-04-22 19:10
"Villa La Angostura, AR",-40.78,-71.66,2023-06-06,Moderate or heavy rain shower,3.0,6.3,-0.2,49.5,0.0,91,7.3,14.8,09:05 AM,06:26 PM,2024-04-22 19:13
"Villa La Angostura, AR",-40.78,-71.66,2023-06-05,Moderate or heavy rain shower,4.5,6.6,1.3,33.8,0.0,85,8.6,16.9,09:04 AM,06:26 PM,2024-04-22 19:13
"Villa La Angostura, AR",-40.78,-71.66,2023-06-04,Cloudy,0.7,3.5,-1.4,0.6,0.0,83,10.0,16.1,09:03 AM,06:26 PM,2024-04-22 19:12
"Villa La Angostura, AR",-40.78,-71.66,2023-06-03,Moderate or heavy snow showers,1.9,3.6,0.7,71.5,1.62,94,5.8,21.9,09:03 AM,06:27 PM,2024-04-22 19:11
"Villa La Angostura, AR",-40.78,-71.66,2023-06-02,Moderate or heavy rain shower,3.2,5.8,2.0,30.5,0.0,96,7.5,18.4,09:02 AM,06:27 PM,2024-04-22 19:11
"Villa La Angostura, AR",-40.78,-71.66,2023-06-01,Patchy rain possible,3.6,7.5,1.2,18.8,0.0,85,9.2,12.6,09:01 AM,06:27 PM,2024-04-22 19:11
"Villa La Angostura, AR",-40.78,-71.66,2023-05-31,Moderate or heavy rain shower,5.2,7.7,1.9,7.55,0.0,85,8.8,14.9,09:01 AM,06:28 PM,2024-04-22 19:11
"Villa La Angostura, AR",-40.78,-71.66,2023-05-30,Patchy rain possible,5.3,6.9,4.5,2.5,0.0,87,8.0,14.4,09:00 AM,06:28 PM,2024-04-22 19:11
"Villa La Angostura, AR",-40.78,-71.66,2023-05-29,Partly cloudy,3.5,7.1,1.2,0.0,0.0,65,10.0,10.8,08:59 AM,06:29 PM,2024-04-22 19:11
"Villa La Angostura, AR",-40.78,-71.66,2023-05-28,Overcast,0.7,5.2,-2.9,0.0,0.0,72,10.0,4.7,08:58 AM,06:29 PM,2024-04-22 19:13
"Villa La Angostura, AR",-40.78,-71.66,2023-05-27,Overcast,-3.3,-0.3,-6.2,0.0,0.0,79,10.0,9.0,08:57 AM,06:30 PM,2024-04-22 19:13
"Villa La Angostura, AR",-40.78,-71.66,2023-05-26,Moderate snow,-0.5,1.3,-2.1,12.55,6.72,85,8.4,17.8,08:57 AM,06:30 PM,2024-04-22 19:13
"Villa La Angostura, AR",-40.78,-71.66,2023-05-25,Moderate or heavy rain shower,2.4,3.2,0.9,45.1,0.0,97,6.7,19.5,08:56 AM,06:31 PM,2024-04-22 19:11
"Villa La Angostura, AR",-40.78,-71.66,2023-05-24,Moderate or heavy rain shower,1.7,3.1,0.7,47.5,1.28,90,3.0,28.7,08:55 AM,06:32 PM,2024-04-22 19:13
"Villa La Angostura, AR",-40.78,-71.66,2023-05-23,Moderate or heavy rain shower,1.9,3.1,1.0,28.1,0.0,92,7.7,16.6,08:54 AM,06:32 PM,2024-04-22 19:13
"Villa La Angostura, AR",-40.78,-71.66,2023-05-22,Moderate or heavy snow showers,1.8,4.2,0.6,8.45,4.63,97,3.2,13.3,08:53 AM,06:33 PM,2024-04-22 19:11
"Villa La Angostura, AR",-40.78,-71.66,2023-05-21,Moderate or heavy rain shower,2.0,3.1,-0.1,43.3,2.98,96,7.1,14.0,08:52 AM,06:34 PM,2024-04-22 19:11
"Villa La Angostura, AR",-40.78,-71.66,2023-05-20,Sunny,3.2,9.2,-0.8,4.1,0.0,65,10.0,14.8,08:51 AM,06:34 PM,2024-04-22 19:11
"Villa La Angostura, AR",-40.78,-71.66,2023-05-19,Patchy rain possible,2.6,5.4,0.5,3.3,0.0,76,10.0,16.7,08:50 AM,06:35 PM,2024-04-22 19:11
"Villa La Angostura, AR",-40.78,-71.66,2023-05-18,Moderate rain at times,5.2,8.2,3.0,10.6,0.0,82,9.9,17.4,08:49 AM,06:36 PM,2024-04-22 19:11
"Villa La Angostura, AR",-40.78,-71.66,2023-05-17,Moderate rain at times,4.0,4.9,2.8,5.3,0.0,89,9.3,14.4,08:49 AM,06:37 PM,2024-04-22 19:11
"Villa La Angostura, AR",-40.78,-71.66,2023-05-16,Overcast,7.4,8.9,5.7,3.8,0.0,91,7.7,14.8,08:48 AM,06:38 PM,2024-04-22 19:13
"Villa La Angostura, AR",-40.78,-71.66,2023-05-15,Patchy rain possible,9.8,13.7,7.6,2.4,0.0,71,9.8,16.6,08:47 AM,06:39 PM,2024-04-22 19:11
"Villa La Angostura, AR",-40.78,-71.66,2023-05-14,Sunny,8.7,13.5,5.7,0.0,0.0,76,10.0,11.5,08:46 AM,06:40 PM,2024-04-22 19:11
"Villa La Angostura, AR",-40.78,-71.66,2023-05-13,Patchy rain possible,9.0,11.9,7.6,0.9,0.0,86,8.3,11.5,08:45 AM,06:41 PM,2024-04-22 19:14
"Villa La Angostura, AR",-40.78,-71.66,2023-05-12,Moderate rain at times,8.3,10.0,6.4,3.7,0.0,93,7.0,13.7,08:44 AM,06:42 PM,2024-04-22 19:13
"Villa La Angostura, AR",-40.78,-71.66,2023-05-11,Patchy rain possible,9.0,12.1,6.9,0.2,0.0,83,10.0,15.8,08:43 AM,06:43 PM,2024-04-22 19:11
"Villa La Angostura, AR",-40.78,-71.66,2023-05-10,Patchy rain possible,8.1,12.0,5.6,0.3,0.0,75,10.0,11.2,08:42 AM,06:44 PM,2024-04-22 19:11
"Villa La Angostura, AR",-40.78,-71.66,2023-05-09,Cloudy,8.4,12.7,4.7,0.0,0.0,53,10.0,9.0,08:41 AM,06:45 PM,2024-04-22 19:11
"Villa La Angostura, AR",-40.78,-71.66,2023-05-08,Partly cloudy,6.6,12.0,2.1,0.0,0.0,59,10.0,11.2,08:40 AM,06:46 PM,2024-04-22 19:11
"Villa La Angostura, AR",-40.78,-71.66,2023-05-07,Overcast,7.0,9.9,5.3,0.2,0.0,83,8.7,10.8,08:39 AM,06:47 PM,2024-04-22 19:14
"Villa La Angostura, AR",-40.78,-71.66,2023-05-06,Sunny,8.4,14.7,5.3,0.0,0.0,75,10.0,13.7,08:38 AM,06:48 PM,2024-04-22 19:12
"Villa La Angostura, AR",-40.78,-71.66,2023-05-05,Sunny,7.6,13.3,3.9,0.0,0.0,76,10.0,5.0,08:37 AM,06:49 PM,2024-04-22 19:12
"Villa La Angostura, AR",-40.78,-71.66,2023-05-04,Moderate rain at times,7.0,11.2,4.4,2.7,0.0,83,10.0,8.3,08:36 AM,06:50 PM,2024-04-22 19:12
"Villa La Angostura, AR",-40.78,-71.66,2023-05-03,Cloudy,4.9,10.6,0.2,0.0,0.0,85,9.3,13.7,08:35 AM,06:52 PM,2024-04-22 19:14
"Villa La Angostura, AR",-40.78,-71.66,2023-05-02,Cloudy,4.0,8.3,1.1,0.0,0.0,81,10.0,9.0,08:34 AM,06:53 PM,2024-04-22 19:12
"Villa La Angostura, AR",-40.78,-71.66,2023-05-01,Light freezing rain,1.9,4.5,-0.5,2.3,0.0,93,9.8,13.9,08:33 AM,06:54 PM,2024-04-22 19:12
"Villa La Angostura, AR",-40.78,-71.66,2023-04-30,Patchy moderate snow,1.3,4.3,-1.3,8.05,2.76,89,6.8,16.7,08:32 AM,06:55 PM,2024-04-22 19:14
"Villa La Angostura, AR",-40.78,-71.66,2023-04-29,Moderate or heavy rain shower,4.2,7.3,0.8,35.15,0.0,93,6.4,19.0,08:31 AM,06:57 PM,2024-04-22 19:14
"Villa La Angostura, AR",-40.78,-71.66,2023-04-28,Moderate or heavy rain shower,8.2,9.4,7.1,53.5,0.0,90,8.0,26.2,08:30 AM,06:58 PM,2024-04-22 19:12
"Villa La Angostura, AR",-40.78,-71.66,2023-04-27,Patchy rain possible,8.3,10.2,6.3,1.5,0.0,78,8.7,13.3,08:29 AM,06:59 PM,2024-04-22 19:12
"Villa La Angostura, AR",-40.78,-71.66,2023-04-26,Overcast,7.8,12.6,4.8,0.1,0.0,77,9.6,11.5,08:28 AM,07:01 PM,2024-04-22 19:12
"Villa La Angostura, AR",-40.78,-71.66,2023-04-25,Heavy rain at times,7.6,9.7,6.1,8.6,0.0,77,9.6,9.7,08:27 AM,07:02 PM,2024-04-22 19:14
"Villa La Angostura, AR",-40.78,-71.66,2023-04-24,Sunny,10.4,16.5,6.5,0.0,0.0,55,10.0,15.1,08:25 AM,07:03 PM,2024-04-22 19:14
"Villa La Angostura, AR",-40.78,-71.66,2023-04-23,Sunny,10.3,16.9,5.5,0.0,0.0,59,10.0,8.3,08:24 AM,07:05 PM,2024-04-22 19:12
"Villa La Angostura, AR",-40.78,-71.66,2023-04-22,Sunny,7.6,13.0,1.6,0.0,0.0,68,10.0,8.6,08:23 AM,07:06 PM,2024-04-22 19:14
